{"level":"info","message":"Property model initialized with: {\"id\":{\"type\":{\"options\":{}},\"autoIncrement\":true,\"primaryKey\":true,\"fieldName\":\"id\",\"_modelAttribute\":true,\"field\":\"id\"},\"first_name\":{\"type\":{\"options\":{\"length\":100},\"_length\":100},\"allowNull\":true,\"fieldName\":\"first_name\",\"_modelAttribute\":true,\"field\":\"first_name\"},\"last_name\":{\"type\":{\"options\":{\"length\":100},\"_length\":100},\"allowNull\":true,\"fieldName\":\"last_name\",\"_modelAttribute\":true,\"field\":\"last_name\"},\"property_address\":{\"type\":{\"options\":{\"length\":255},\"_length\":255},\"allowNull\":false,\"validate\":{\"notEmpty\":true},\"fieldName\":\"property_address\",\"_modelAttribute\":true,\"field\":\"property_address\"},\"property_city\":{\"type\":{\"options\":{\"length\":100},\"_length\":100},\"allowNull\":false,\"validate\":{\"notEmpty\":true},\"fieldName\":\"property_city\",\"_modelAttribute\":true,\"field\":\"property_city\"},\"property_state\":{\"type\":{\"options\":{\"length\":2},\"_length\":2},\"allowNull\":false,\"validate\":{\"notEmpty\":true,\"isUppercase\":true,\"isIn\":[[\"AL\",\"AK\",\"AZ\",\"AR\",\"CA\",\"CO\",\"CT\",\"DE\",\"FL\",\"GA\",\"HI\",\"ID\",\"IL\",\"IN\",\"IA\",\"KS\",\"KY\",\"LA\",\"ME\",\"MD\",\"MA\",\"MI\",\"MN\",\"MS\",\"MO\",\"MT\",\"NE\",\"NV\",\"NH\",\"NJ\",\"NM\",\"NY\",\"NC\",\"ND\",\"OH\",\"OK\",\"OR\",\"PA\",\"RI\",\"SC\",\"SD\",\"TN\",\"TX\",\"UT\",\"VT\",\"VA\",\"WA\",\"WV\",\"WI\",\"WY\",\"DC\",\"PR\",\"VI\",\"AA\",\"AE\",\"AP\"]]},\"fieldName\":\"property_state\",\"_modelAttribute\":true,\"field\":\"property_state\"},\"property_zip\":{\"type\":{\"options\":{\"length\":10},\"_length\":10},\"allowNull\":false,\"validate\":{\"notEmpty\":true,\"is\":{}},\"fieldName\":\"property_zip\",\"_modelAttribute\":true,\"field\":\"property_zip\"},\"offer\":{\"type\":{\"options\":{\"precision\":12,\"scale\":2},\"_precision\":12,\"_scale\":2},\"allowNull\":false,\"validate\":{\"isDecimal\":true,\"min\":0},\"fieldName\":\"offer\",\"_modelAttribute\":true,\"field\":\"offer\"},\"created_at\":{\"type\":{\"options\":{},\"_length\":\"\"},\"allowNull\":false,\"defaultValue\":{},\"fieldName\":\"created_at\",\"_modelAttribute\":true,\"field\":\"created_at\"},\"updated_at\":{\"type\":{\"options\":{},\"_length\":\"\"},\"allowNull\":false,\"defaultValue\":{},\"fieldName\":\"updated_at\",\"_modelAttribute\":true,\"field\":\"updated_at\"}}","timestamp":"2025-04-02T15:03:22.244Z"}
{"level":"info","message":"Server running on port 3001","timestamp":"2025-04-02T15:03:25.287Z"}
{"level":"info","message":"Connected to Redis","timestamp":"2025-04-02T15:03:25.301Z"}
{"level":"info","message":"Database connection has been established successfully.","timestamp":"2025-04-02T15:03:25.378Z"}
{"level":"info","message":"GET /","timestamp":"2025-04-02T15:03:55.798Z"}
{"level":"info","message":"GET /static/js/main.f8cf641a.js","timestamp":"2025-04-02T15:03:56.078Z"}
{"level":"info","message":"GET /static/css/main.e6c13ad2.css","timestamp":"2025-04-02T15:03:56.089Z"}
{"level":"info","message":"GET /api/properties?page=1&limit=20","timestamp":"2025-04-02T15:03:56.769Z"}
{"level":"info","message":"[PropertyController] getAllProperties result: {\"rows\":[{\"id\":1,\"first_name\":\"Sauron\",\"last_name\":\"The Dark Lord\",\"property_address\":\"Barad-dûr\",\"property_city\":\"Mordor\",\"property_state\":\"HI\",\"property_zip\":\"66666\",\"offer\":\"9999999.00\",\"created_at\":\"2025-04-01T12:41:47.740Z\",\"updated_at\":\"2025-04-01T12:41:47.740Z\"},{\"id\":2,\"first_name\":\"Frodo\",\"last_name\":\"Baggins\",\"property_address\":\"Bag End\",\"property_city\":\"The Shire\",\"property_state\":\"NY\",\"property_zip\":\"12345\",\"offer\":\"500.00\",\"created_at\":\"2025-04-01T12:41:47.740Z\",\"updated_at\":\"2025-04-01T12:41:47.740Z\"},{\"id\":3,\"first_name\":\"Aragorn\",\"last_name\":\"Son of Arathorn\",\"property_address\":\"The Citadel\",\"property_city\":\"Minas Tirith\",\"property_state\":\"NY\",\"property_zip\":\"56789\",\"offer\":\"750000.00\",\"created_at\":\"2025-04-01T12:41:47.740Z\",\"updated_at\":\"2025-04-01T12:41:47.740Z\"},{\"id\":4,\"first_name\":\"Gandalf\",\"last_name\":\"The Grey\",\"property_address\":\"Orthanc Tower\",\"property_city\":\"Isengard\",\"property_state\":\"NY\",\"property_zip\":\"11111\",\"offer\":\"1000000.00\",\"created_at\":\"2025-04-01T12:41:47.740Z\",\"updated_at\":\"2025-04-01T12:41:47.740Z\"},{\"id\":5,\"first_name\":\"Legolas\",\"last_name\":\"Greenleaf\",\"property_address\":\"Thranduil’s Halls\",\"property_city\":\"Mirkwood\",\"property_state\":\"NY\",\"property_zip\":\"22222\",\"offer\":\"350000.00\",\"created_at\":\"2025-04-01T12:41:47.740Z\",\"updated_at\":\"2025-04-01T12:41:47.740Z\"},{\"id\":6,\"first_name\":\"Gimli\",\"last_name\":\"Son of Glóin\",\"property_address\":\"Glittering Caves\",\"property_city\":\"Helm’s Deep\",\"property_state\":\"NY\",\"property_zip\":\"33333\",\"offer\":\"450000.00\",\"created_at\":\"2025-04-01T12:41:47.740Z\",\"updated_at\":\"2025-04-01T12:41:47.740Z\"},{\"id\":7,\"first_name\":\"Saruman\",\"last_name\":\"The White\",\"property_address\":\"Orthanc Tower\",\"property_city\":\"Isengard\",\"property_state\":\"NY\",\"property_zip\":\"44444\",\"offer\":\"666666.00\",\"created_at\":\"2025-04-01T12:41:47.740Z\",\"updated_at\":\"2025-04-01T12:41:47.740Z\"}],\"count\":7,\"totalPages\":1,\"currentPage\":1}","timestamp":"2025-04-02T15:03:56.790Z"}
{"level":"info","message":"[PropertyController] Transformed to camelCase: {\"rows\":[{\"id\":1,\"firstName\":\"Sauron\",\"lastName\":\"The Dark Lord\",\"propertyAddress\":\"Barad-dûr\",\"propertyCity\":\"Mordor\",\"propertyState\":\"HI\",\"propertyZip\":\"66666\",\"offer\":\"9999999.00\",\"createdAt\":\"2025-04-01T12:41:47.740Z\",\"updatedAt\":\"2025-04-01T12:41:47.740Z\"},{\"id\":2,\"firstName\":\"Frodo\",\"lastName\":\"Baggins\",\"propertyAddress\":\"Bag End\",\"propertyCity\":\"The Shire\",\"propertyState\":\"NY\",\"propertyZip\":\"12345\",\"offer\":\"500.00\",\"createdAt\":\"2025-04-01T12:41:47.740Z\",\"updatedAt\":\"2025-04-01T12:41:47.740Z\"},{\"id\":3,\"firstName\":\"Aragorn\",\"lastName\":\"Son of Arathorn\",\"propertyAddress\":\"The Citadel\",\"propertyCity\":\"Minas Tirith\",\"propertyState\":\"NY\",\"propertyZip\":\"56789\",\"offer\":\"750000.00\",\"createdAt\":\"2025-04-01T12:41:47.740Z\",\"updatedAt\":\"2025-04-01T12:41:47.740Z\"},{\"id\":4,\"firstName\":\"Gandalf\",\"lastName\":\"The Grey\",\"propertyAddress\":\"Orthanc Tower\",\"propertyCity\":\"Isengard\",\"propertyState\":\"NY\",\"propertyZip\":\"11111\",\"offer\":\"1000000.00\",\"createdAt\":\"2025-04-01T12:41:47.740Z\",\"updatedAt\":\"2025-04-01T12:41:47.740Z\"},{\"id\":5,\"firstName\":\"Legolas\",\"lastName\":\"Greenleaf\",\"propertyAddress\":\"Thranduil’s Halls\",\"propertyCity\":\"Mirkwood\",\"propertyState\":\"NY\",\"propertyZip\":\"22222\",\"offer\":\"350000.00\",\"createdAt\":\"2025-04-01T12:41:47.740Z\",\"updatedAt\":\"2025-04-01T12:41:47.740Z\"},{\"id\":6,\"firstName\":\"Gimli\",\"lastName\":\"Son of Glóin\",\"propertyAddress\":\"Glittering Caves\",\"propertyCity\":\"Helm’s Deep\",\"propertyState\":\"NY\",\"propertyZip\":\"33333\",\"offer\":\"450000.00\",\"createdAt\":\"2025-04-01T12:41:47.740Z\",\"updatedAt\":\"2025-04-01T12:41:47.740Z\"},{\"id\":7,\"firstName\":\"Saruman\",\"lastName\":\"The White\",\"propertyAddress\":\"Orthanc Tower\",\"propertyCity\":\"Isengard\",\"propertyState\":\"NY\",\"propertyZip\":\"44444\",\"offer\":\"666666.00\",\"createdAt\":\"2025-04-01T12:41:47.740Z\",\"updatedAt\":\"2025-04-01T12:41:47.740Z\"}],\"count\":7,\"totalPages\":1,\"currentPage\":1}","timestamp":"2025-04-02T15:03:56.793Z"}
{"level":"info","message":"POST /api/upload","timestamp":"2025-04-02T15:04:13.687Z"}
{"level":"error","message":"Error uploading file: null value in column \"user_id\" of relation \"upload_jobs\" violates not-null constraint","name":"SequelizeDatabaseError","original":{"code":"23502","column":"user_id","detail":"Failing row contains (7fffac8d-50e3-47bf-b96c-e92ce03d2253, null, direct_mail_apr_2025-Ready.csv, csv, pending, 0, 0, 0, 0, 0, null, null, null, 2025-04-02 15:04:13.775, 2025-04-02 15:04:13.775).","file":"execMain.c","length":375,"line":"1972","name":"error","parameters":["7fffac8d-50e3-47bf-b96c-e92ce03d2253","direct_mail_apr_2025-Ready.csv","csv","pending",0,0,0,0,"2025-04-02 15:04:13.775 +00:00","2025-04-02 15:04:13.775 +00:00"],"routine":"ExecConstraints","schema":"public","severity":"ERROR","sql":"INSERT INTO \"upload_jobs\" (\"id\",\"filename\",\"file_type\",\"status\",\"total_records\",\"new_records\",\"updated_records\",\"error_records\",\"created_at\",\"updated_at\") VALUES ($1,$2,$3,$4,$5,$6,$7,$8,$9,$10) RETURNING \"id\",\"filename\",\"file_type\",\"status\",\"total_records\",\"new_records\",\"updated_records\",\"error_records\",\"created_at\",\"updated_at\",\"completed_at\";","table":"upload_jobs"},"parameters":["7fffac8d-50e3-47bf-b96c-e92ce03d2253","direct_mail_apr_2025-Ready.csv","csv","pending",0,0,0,0,"2025-04-02 15:04:13.775 +00:00","2025-04-02 15:04:13.775 +00:00"],"parent":{"code":"23502","column":"user_id","detail":"Failing row contains (7fffac8d-50e3-47bf-b96c-e92ce03d2253, null, direct_mail_apr_2025-Ready.csv, csv, pending, 0, 0, 0, 0, 0, null, null, null, 2025-04-02 15:04:13.775, 2025-04-02 15:04:13.775).","file":"execMain.c","length":375,"line":"1972","name":"error","parameters":["7fffac8d-50e3-47bf-b96c-e92ce03d2253","direct_mail_apr_2025-Ready.csv","csv","pending",0,0,0,0,"2025-04-02 15:04:13.775 +00:00","2025-04-02 15:04:13.775 +00:00"],"routine":"ExecConstraints","schema":"public","severity":"ERROR","sql":"INSERT INTO \"upload_jobs\" (\"id\",\"filename\",\"file_type\",\"status\",\"total_records\",\"new_records\",\"updated_records\",\"error_records\",\"created_at\",\"updated_at\") VALUES ($1,$2,$3,$4,$5,$6,$7,$8,$9,$10) RETURNING \"id\",\"filename\",\"file_type\",\"status\",\"total_records\",\"new_records\",\"updated_records\",\"error_records\",\"created_at\",\"updated_at\",\"completed_at\";","table":"upload_jobs"},"sql":"INSERT INTO \"upload_jobs\" (\"id\",\"filename\",\"file_type\",\"status\",\"total_records\",\"new_records\",\"updated_records\",\"error_records\",\"created_at\",\"updated_at\") VALUES ($1,$2,$3,$4,$5,$6,$7,$8,$9,$10) RETURNING \"id\",\"filename\",\"file_type\",\"status\",\"total_records\",\"new_records\",\"updated_records\",\"error_records\",\"created_at\",\"updated_at\",\"completed_at\";","stack":"Error\n    at Query.run (/app/node_modules/sequelize/lib/dialects/postgres/query.js:50:25)\n    at /app/node_modules/sequelize/lib/sequelize.js:315:28\n    at async PostgresQueryInterface.insert (/app/node_modules/sequelize/lib/dialects/abstract/query-interface.js:308:21)\n    at async UploadJob.save (/app/node_modules/sequelize/lib/model.js:2490:35)\n    at async UploadJob.create (/app/node_modules/sequelize/lib/model.js:1362:12)","timestamp":"2025-04-02T15:04:13.789Z"}
{"level":"info","message":"Property model initialized with: {\"id\":{\"type\":{\"options\":{}},\"autoIncrement\":true,\"primaryKey\":true,\"fieldName\":\"id\",\"_modelAttribute\":true,\"field\":\"id\"},\"first_name\":{\"type\":{\"options\":{\"length\":100},\"_length\":100},\"allowNull\":true,\"fieldName\":\"first_name\",\"_modelAttribute\":true,\"field\":\"first_name\"},\"last_name\":{\"type\":{\"options\":{\"length\":100},\"_length\":100},\"allowNull\":true,\"fieldName\":\"last_name\",\"_modelAttribute\":true,\"field\":\"last_name\"},\"property_address\":{\"type\":{\"options\":{\"length\":255},\"_length\":255},\"allowNull\":false,\"validate\":{\"notEmpty\":true},\"fieldName\":\"property_address\",\"_modelAttribute\":true,\"field\":\"property_address\"},\"property_city\":{\"type\":{\"options\":{\"length\":100},\"_length\":100},\"allowNull\":false,\"validate\":{\"notEmpty\":true},\"fieldName\":\"property_city\",\"_modelAttribute\":true,\"field\":\"property_city\"},\"property_state\":{\"type\":{\"options\":{\"length\":2},\"_length\":2},\"allowNull\":false,\"validate\":{\"notEmpty\":true,\"isUppercase\":true,\"isIn\":[[\"AL\",\"AK\",\"AZ\",\"AR\",\"CA\",\"CO\",\"CT\",\"DE\",\"FL\",\"GA\",\"HI\",\"ID\",\"IL\",\"IN\",\"IA\",\"KS\",\"KY\",\"LA\",\"ME\",\"MD\",\"MA\",\"MI\",\"MN\",\"MS\",\"MO\",\"MT\",\"NE\",\"NV\",\"NH\",\"NJ\",\"NM\",\"NY\",\"NC\",\"ND\",\"OH\",\"OK\",\"OR\",\"PA\",\"RI\",\"SC\",\"SD\",\"TN\",\"TX\",\"UT\",\"VT\",\"VA\",\"WA\",\"WV\",\"WI\",\"WY\",\"DC\",\"PR\",\"VI\",\"AA\",\"AE\",\"AP\"]]},\"fieldName\":\"property_state\",\"_modelAttribute\":true,\"field\":\"property_state\"},\"property_zip\":{\"type\":{\"options\":{\"length\":10},\"_length\":10},\"allowNull\":false,\"validate\":{\"notEmpty\":true,\"is\":{}},\"fieldName\":\"property_zip\",\"_modelAttribute\":true,\"field\":\"property_zip\"},\"offer\":{\"type\":{\"options\":{\"precision\":12,\"scale\":2},\"_precision\":12,\"_scale\":2},\"allowNull\":false,\"validate\":{\"isDecimal\":true,\"min\":0},\"fieldName\":\"offer\",\"_modelAttribute\":true,\"field\":\"offer\"},\"created_at\":{\"type\":{\"options\":{},\"_length\":\"\"},\"allowNull\":false,\"defaultValue\":{},\"fieldName\":\"created_at\",\"_modelAttribute\":true,\"field\":\"created_at\"},\"updated_at\":{\"type\":{\"options\":{},\"_length\":\"\"},\"allowNull\":false,\"defaultValue\":{},\"fieldName\":\"updated_at\",\"_modelAttribute\":true,\"field\":\"updated_at\"}}","timestamp":"2025-04-02T19:22:21.335Z"}
{"level":"info","message":"Server running on port 3001","timestamp":"2025-04-02T19:22:22.400Z"}
{"level":"info","message":"Connected to Redis","timestamp":"2025-04-02T19:22:22.415Z"}
{"level":"info","message":"Database connection has been established successfully.","timestamp":"2025-04-02T19:22:22.478Z"}
{"level":"info","message":"GET /","timestamp":"2025-04-02T19:26:23.653Z"}
{"level":"info","message":"GET /static/js/main.f8cf641a.js","timestamp":"2025-04-02T19:26:24.043Z"}
{"level":"info","message":"GET /static/css/main.e6c13ad2.css","timestamp":"2025-04-02T19:26:24.079Z"}
{"level":"info","message":"GET /api/properties?page=1&limit=20","timestamp":"2025-04-02T19:26:25.029Z"}
{"level":"info","message":"[PropertyController] getAllProperties result: {\"rows\":[],\"count\":0,\"totalPages\":0,\"currentPage\":1}","timestamp":"2025-04-02T19:26:25.058Z"}
{"level":"info","message":"[PropertyController] Transformed to camelCase: {\"rows\":[],\"count\":0,\"totalPages\":0,\"currentPage\":1}","timestamp":"2025-04-02T19:26:25.059Z"}
{"level":"info","message":"GET /favicon.png","timestamp":"2025-04-02T19:26:25.307Z"}
{"level":"info","message":"POST /api/upload","timestamp":"2025-04-02T19:26:37.540Z"}
{"level":"info","message":"[Job 55cd7877-551e-457e-afb0-7dcec903aa52] Processed batch 1: 100 new, 0 updated, 0 errors","timestamp":"2025-04-02T19:26:37.736Z"}
{"level":"info","message":"[Job 55cd7877-551e-457e-afb0-7dcec903aa52] Processed batch 2: 100 new, 0 updated, 0 errors","timestamp":"2025-04-02T19:26:37.780Z"}
{"level":"info","message":"[Job 55cd7877-551e-457e-afb0-7dcec903aa52] Processed batch 3: 100 new, 0 updated, 0 errors","timestamp":"2025-04-02T19:26:37.815Z"}
{"level":"info","message":"[Job 55cd7877-551e-457e-afb0-7dcec903aa52] Processed batch 4: 100 new, 0 updated, 0 errors","timestamp":"2025-04-02T19:26:37.852Z"}
{"level":"info","message":"[Job 55cd7877-551e-457e-afb0-7dcec903aa52] Processed batch 5: 100 new, 0 updated, 0 errors","timestamp":"2025-04-02T19:26:37.884Z"}
{"level":"info","message":"[Job 55cd7877-551e-457e-afb0-7dcec903aa52] Processed batch 6: 100 new, 0 updated, 0 errors","timestamp":"2025-04-02T19:26:37.914Z"}
{"level":"info","message":"[Job 55cd7877-551e-457e-afb0-7dcec903aa52] Processed batch 7: 100 new, 0 updated, 0 errors","timestamp":"2025-04-02T19:26:37.946Z"}
{"level":"info","message":"[Job 55cd7877-551e-457e-afb0-7dcec903aa52] Processed batch 8: 100 new, 0 updated, 0 errors","timestamp":"2025-04-02T19:26:37.999Z"}
{"level":"info","message":"[Job 55cd7877-551e-457e-afb0-7dcec903aa52] Processed batch 9: 100 new, 0 updated, 0 errors","timestamp":"2025-04-02T19:26:38.027Z"}
{"level":"info","message":"[Job 55cd7877-551e-457e-afb0-7dcec903aa52] Processed batch 10: 100 new, 0 updated, 0 errors","timestamp":"2025-04-02T19:26:38.054Z"}
{"level":"info","message":"[Job 55cd7877-551e-457e-afb0-7dcec903aa52] Processed batch 11: 100 new, 0 updated, 0 errors","timestamp":"2025-04-02T19:26:38.086Z"}
{"level":"info","message":"[Job 55cd7877-551e-457e-afb0-7dcec903aa52] Processed batch 12: 100 new, 0 updated, 0 errors","timestamp":"2025-04-02T19:26:38.143Z"}
{"level":"info","message":"[Job 55cd7877-551e-457e-afb0-7dcec903aa52] Processed batch 13: 100 new, 0 updated, 0 errors","timestamp":"2025-04-02T19:26:38.170Z"}
{"level":"info","message":"[Job 55cd7877-551e-457e-afb0-7dcec903aa52] Processed batch 14: 100 new, 0 updated, 0 errors","timestamp":"2025-04-02T19:26:38.200Z"}
{"level":"info","message":"[Job 55cd7877-551e-457e-afb0-7dcec903aa52] Processed batch 15: 100 new, 0 updated, 0 errors","timestamp":"2025-04-02T19:26:38.228Z"}
{"level":"info","message":"[Job 55cd7877-551e-457e-afb0-7dcec903aa52] Processed batch 16: 100 new, 0 updated, 0 errors","timestamp":"2025-04-02T19:26:38.258Z"}
{"level":"info","message":"[Job 55cd7877-551e-457e-afb0-7dcec903aa52] Processed batch 17: 100 new, 0 updated, 0 errors","timestamp":"2025-04-02T19:26:38.286Z"}
{"level":"info","message":"[Job 55cd7877-551e-457e-afb0-7dcec903aa52] Processed batch 18: 100 new, 0 updated, 0 errors","timestamp":"2025-04-02T19:26:38.314Z"}
{"level":"info","message":"[Job 55cd7877-551e-457e-afb0-7dcec903aa52] Processed batch 19: 100 new, 0 updated, 0 errors","timestamp":"2025-04-02T19:26:38.343Z"}
{"level":"info","message":"[Job 55cd7877-551e-457e-afb0-7dcec903aa52] Processed batch 20: 100 new, 0 updated, 0 errors","timestamp":"2025-04-02T19:26:38.372Z"}
{"level":"info","message":"[Job 55cd7877-551e-457e-afb0-7dcec903aa52] Processed batch 21: 99 new, 1 updated, 0 errors","timestamp":"2025-04-02T19:26:38.396Z"}
{"level":"info","message":"[Job 55cd7877-551e-457e-afb0-7dcec903aa52] Processed batch 22: 100 new, 0 updated, 0 errors","timestamp":"2025-04-02T19:26:38.424Z"}
{"level":"info","message":"[Job 55cd7877-551e-457e-afb0-7dcec903aa52] Processed batch 23: 100 new, 0 updated, 0 errors","timestamp":"2025-04-02T19:26:38.478Z"}
{"level":"info","message":"[Job 55cd7877-551e-457e-afb0-7dcec903aa52] Processed batch 24: 100 new, 0 updated, 0 errors","timestamp":"2025-04-02T19:26:38.519Z"}
{"level":"info","message":"[Job 55cd7877-551e-457e-afb0-7dcec903aa52] Processed batch 25: 100 new, 0 updated, 0 errors","timestamp":"2025-04-02T19:26:38.542Z"}
{"level":"info","message":"[Job 55cd7877-551e-457e-afb0-7dcec903aa52] Processed batch 26: 100 new, 0 updated, 0 errors","timestamp":"2025-04-02T19:26:38.569Z"}
{"level":"info","message":"[Job 55cd7877-551e-457e-afb0-7dcec903aa52] Processed batch 27: 100 new, 0 updated, 0 errors","timestamp":"2025-04-02T19:26:38.596Z"}
{"level":"info","message":"[Job 55cd7877-551e-457e-afb0-7dcec903aa52] Processed batch 28: 100 new, 0 updated, 0 errors","timestamp":"2025-04-02T19:26:38.619Z"}
{"level":"info","message":"[Job 55cd7877-551e-457e-afb0-7dcec903aa52] Processed batch 29: 100 new, 0 updated, 0 errors","timestamp":"2025-04-02T19:26:38.643Z"}
{"level":"info","message":"[Job 55cd7877-551e-457e-afb0-7dcec903aa52] Processed batch 30: 100 new, 0 updated, 0 errors","timestamp":"2025-04-02T19:26:38.665Z"}
{"level":"info","message":"[Job 55cd7877-551e-457e-afb0-7dcec903aa52] Processed batch 31: 100 new, 0 updated, 0 errors","timestamp":"2025-04-02T19:26:38.693Z"}
{"level":"info","message":"[Job 55cd7877-551e-457e-afb0-7dcec903aa52] Processed batch 32: 100 new, 0 updated, 0 errors","timestamp":"2025-04-02T19:26:38.719Z"}
{"level":"info","message":"[Job 55cd7877-551e-457e-afb0-7dcec903aa52] Processed batch 33: 100 new, 0 updated, 0 errors","timestamp":"2025-04-02T19:26:38.741Z"}
{"level":"info","message":"[Job 55cd7877-551e-457e-afb0-7dcec903aa52] Processed batch 34: 100 new, 0 updated, 0 errors","timestamp":"2025-04-02T19:26:38.773Z"}
{"level":"info","message":"[Job 55cd7877-551e-457e-afb0-7dcec903aa52] Processed batch 35: 100 new, 0 updated, 0 errors","timestamp":"2025-04-02T19:26:38.798Z"}
{"level":"info","message":"[Job 55cd7877-551e-457e-afb0-7dcec903aa52] Processed batch 36: 100 new, 0 updated, 0 errors","timestamp":"2025-04-02T19:26:38.822Z"}
{"level":"info","message":"[Job 55cd7877-551e-457e-afb0-7dcec903aa52] Processed batch 37: 100 new, 0 updated, 0 errors","timestamp":"2025-04-02T19:26:38.846Z"}
{"level":"info","message":"[Job 55cd7877-551e-457e-afb0-7dcec903aa52] Processed batch 38: 100 new, 0 updated, 0 errors","timestamp":"2025-04-02T19:26:38.870Z"}
{"level":"info","message":"[Job 55cd7877-551e-457e-afb0-7dcec903aa52] Processed batch 39: 100 new, 0 updated, 0 errors","timestamp":"2025-04-02T19:26:38.911Z"}
{"level":"info","message":"[Job 55cd7877-551e-457e-afb0-7dcec903aa52] Processed batch 40: 100 new, 0 updated, 0 errors","timestamp":"2025-04-02T19:26:38.935Z"}
{"level":"info","message":"[Job 55cd7877-551e-457e-afb0-7dcec903aa52] Processed batch 41: 100 new, 0 updated, 0 errors","timestamp":"2025-04-02T19:26:38.960Z"}
{"level":"info","message":"[Job 55cd7877-551e-457e-afb0-7dcec903aa52] Processed batch 42: 100 new, 0 updated, 0 errors","timestamp":"2025-04-02T19:26:38.985Z"}
{"level":"info","message":"[Job 55cd7877-551e-457e-afb0-7dcec903aa52] Processed batch 43: 100 new, 0 updated, 0 errors","timestamp":"2025-04-02T19:26:39.026Z"}
{"level":"info","message":"[Job 55cd7877-551e-457e-afb0-7dcec903aa52] Processed batch 44: 100 new, 0 updated, 0 errors","timestamp":"2025-04-02T19:26:39.049Z"}
{"level":"info","message":"[Job 55cd7877-551e-457e-afb0-7dcec903aa52] Processed batch 45: 100 new, 0 updated, 0 errors","timestamp":"2025-04-02T19:26:39.077Z"}
{"level":"info","message":"[Job 55cd7877-551e-457e-afb0-7dcec903aa52] Processed batch 46: 100 new, 0 updated, 0 errors","timestamp":"2025-04-02T19:26:39.108Z"}
{"level":"info","message":"[Job 55cd7877-551e-457e-afb0-7dcec903aa52] Processed batch 47: 100 new, 0 updated, 0 errors","timestamp":"2025-04-02T19:26:39.133Z"}
{"level":"info","message":"[Job 55cd7877-551e-457e-afb0-7dcec903aa52] Processed batch 48: 100 new, 0 updated, 0 errors","timestamp":"2025-04-02T19:26:39.157Z"}
{"level":"info","message":"[Job 55cd7877-551e-457e-afb0-7dcec903aa52] Processed batch 49: 100 new, 0 updated, 0 errors","timestamp":"2025-04-02T19:26:39.186Z"}
{"level":"info","message":"[Job 55cd7877-551e-457e-afb0-7dcec903aa52] Processed batch 50: 100 new, 0 updated, 0 errors","timestamp":"2025-04-02T19:26:39.217Z"}
{"level":"info","message":"[Job 55cd7877-551e-457e-afb0-7dcec903aa52] Processed batch 51: 99 new, 1 updated, 0 errors","timestamp":"2025-04-02T19:26:39.245Z"}
{"level":"info","message":"[Job 55cd7877-551e-457e-afb0-7dcec903aa52] Processed batch 52: 100 new, 0 updated, 0 errors","timestamp":"2025-04-02T19:26:39.275Z"}
{"level":"info","message":"[Job 55cd7877-551e-457e-afb0-7dcec903aa52] Processed batch 53: 100 new, 0 updated, 0 errors","timestamp":"2025-04-02T19:26:39.302Z"}
{"level":"info","message":"[Job 55cd7877-551e-457e-afb0-7dcec903aa52] Processed batch 54: 100 new, 0 updated, 0 errors","timestamp":"2025-04-02T19:26:39.342Z"}
{"level":"info","message":"[Job 55cd7877-551e-457e-afb0-7dcec903aa52] Processed batch 55: 100 new, 0 updated, 0 errors","timestamp":"2025-04-02T19:26:39.369Z"}
{"level":"info","message":"[Job 55cd7877-551e-457e-afb0-7dcec903aa52] Processed batch 56: 100 new, 0 updated, 0 errors","timestamp":"2025-04-02T19:26:39.400Z"}
{"level":"info","message":"[Job 55cd7877-551e-457e-afb0-7dcec903aa52] Processed batch 57: 100 new, 0 updated, 0 errors","timestamp":"2025-04-02T19:26:39.432Z"}
{"level":"info","message":"[Job 55cd7877-551e-457e-afb0-7dcec903aa52] Processed batch 58: 100 new, 0 updated, 0 errors","timestamp":"2025-04-02T19:26:39.455Z"}
{"level":"info","message":"[Job 55cd7877-551e-457e-afb0-7dcec903aa52] Processed batch 59: 100 new, 0 updated, 0 errors","timestamp":"2025-04-02T19:26:39.478Z"}
{"level":"info","message":"[Job 55cd7877-551e-457e-afb0-7dcec903aa52] Processed batch 60: 100 new, 0 updated, 0 errors","timestamp":"2025-04-02T19:26:39.500Z"}
{"level":"info","message":"[Job 55cd7877-551e-457e-afb0-7dcec903aa52] Processed batch 61: 100 new, 0 updated, 0 errors","timestamp":"2025-04-02T19:26:39.523Z"}
{"level":"info","message":"[Job 55cd7877-551e-457e-afb0-7dcec903aa52] Processed batch 62: 100 new, 0 updated, 0 errors","timestamp":"2025-04-02T19:26:39.549Z"}
{"level":"info","message":"[Job 55cd7877-551e-457e-afb0-7dcec903aa52] Processed batch 63: 100 new, 0 updated, 0 errors","timestamp":"2025-04-02T19:26:39.571Z"}
{"level":"info","message":"[Job 55cd7877-551e-457e-afb0-7dcec903aa52] Processed batch 64: 100 new, 0 updated, 0 errors","timestamp":"2025-04-02T19:26:39.594Z"}
{"level":"info","message":"[Job 55cd7877-551e-457e-afb0-7dcec903aa52] Processed batch 65: 100 new, 0 updated, 0 errors","timestamp":"2025-04-02T19:26:39.621Z"}
{"level":"info","message":"[Job 55cd7877-551e-457e-afb0-7dcec903aa52] Processed batch 66: 100 new, 0 updated, 0 errors","timestamp":"2025-04-02T19:26:39.647Z"}
{"level":"info","message":"[Job 55cd7877-551e-457e-afb0-7dcec903aa52] Processed batch 67: 100 new, 0 updated, 0 errors","timestamp":"2025-04-02T19:26:39.685Z"}
{"level":"info","message":"[Job 55cd7877-551e-457e-afb0-7dcec903aa52] Processed batch 68: 100 new, 0 updated, 0 errors","timestamp":"2025-04-02T19:26:39.709Z"}
{"level":"info","message":"[Job 55cd7877-551e-457e-afb0-7dcec903aa52] Processed batch 69: 100 new, 0 updated, 0 errors","timestamp":"2025-04-02T19:26:39.750Z"}
{"level":"info","message":"[Job 55cd7877-551e-457e-afb0-7dcec903aa52] Processed batch 70: 100 new, 0 updated, 0 errors","timestamp":"2025-04-02T19:26:39.775Z"}
{"level":"info","message":"[Job 55cd7877-551e-457e-afb0-7dcec903aa52] Processed batch 71: 100 new, 0 updated, 0 errors","timestamp":"2025-04-02T19:26:39.798Z"}
{"level":"info","message":"[Job 55cd7877-551e-457e-afb0-7dcec903aa52] Processed batch 72: 100 new, 0 updated, 0 errors","timestamp":"2025-04-02T19:26:39.822Z"}
{"level":"info","message":"[Job 55cd7877-551e-457e-afb0-7dcec903aa52] Processed batch 73: 100 new, 0 updated, 0 errors","timestamp":"2025-04-02T19:26:39.856Z"}
{"level":"info","message":"[Job 55cd7877-551e-457e-afb0-7dcec903aa52] Processed batch 74: 100 new, 0 updated, 0 errors","timestamp":"2025-04-02T19:26:39.881Z"}
{"level":"info","message":"[Job 55cd7877-551e-457e-afb0-7dcec903aa52] Processed batch 75: 100 new, 0 updated, 0 errors","timestamp":"2025-04-02T19:26:39.902Z"}
{"level":"info","message":"[Job 55cd7877-551e-457e-afb0-7dcec903aa52] Processed batch 76: 100 new, 0 updated, 0 errors","timestamp":"2025-04-02T19:26:39.924Z"}
{"level":"info","message":"[Job 55cd7877-551e-457e-afb0-7dcec903aa52] Processed batch 77: 100 new, 0 updated, 0 errors","timestamp":"2025-04-02T19:26:39.948Z"}
{"level":"info","message":"[Job 55cd7877-551e-457e-afb0-7dcec903aa52] Processed batch 78: 100 new, 0 updated, 0 errors","timestamp":"2025-04-02T19:26:39.968Z"}
{"level":"info","message":"[Job 55cd7877-551e-457e-afb0-7dcec903aa52] Processed batch 79: 100 new, 0 updated, 0 errors","timestamp":"2025-04-02T19:26:39.990Z"}
{"level":"info","message":"[Job 55cd7877-551e-457e-afb0-7dcec903aa52] Processed batch 80: 100 new, 0 updated, 0 errors","timestamp":"2025-04-02T19:26:40.018Z"}
{"level":"info","message":"[Job 55cd7877-551e-457e-afb0-7dcec903aa52] Processed batch 81: 100 new, 0 updated, 0 errors","timestamp":"2025-04-02T19:26:40.039Z"}
{"level":"info","message":"[Job 55cd7877-551e-457e-afb0-7dcec903aa52] Processed batch 82: 100 new, 0 updated, 0 errors","timestamp":"2025-04-02T19:26:40.061Z"}
{"level":"info","message":"[Job 55cd7877-551e-457e-afb0-7dcec903aa52] Processed batch 83: 100 new, 0 updated, 0 errors","timestamp":"2025-04-02T19:26:40.082Z"}
{"level":"info","message":"[Job 55cd7877-551e-457e-afb0-7dcec903aa52] Processed batch 84: 100 new, 0 updated, 0 errors","timestamp":"2025-04-02T19:26:40.122Z"}
{"level":"info","message":"[Job 55cd7877-551e-457e-afb0-7dcec903aa52] Processed batch 85: 100 new, 0 updated, 0 errors","timestamp":"2025-04-02T19:26:40.146Z"}
{"level":"info","message":"[Job 55cd7877-551e-457e-afb0-7dcec903aa52] Processed batch 86: 100 new, 0 updated, 0 errors","timestamp":"2025-04-02T19:26:40.173Z"}
{"level":"info","message":"[Job 55cd7877-551e-457e-afb0-7dcec903aa52] Processed batch 87: 100 new, 0 updated, 0 errors","timestamp":"2025-04-02T19:26:40.199Z"}
{"level":"info","message":"[Job 55cd7877-551e-457e-afb0-7dcec903aa52] Processed batch 88: 100 new, 0 updated, 0 errors","timestamp":"2025-04-02T19:26:40.220Z"}
{"level":"info","message":"[Job 55cd7877-551e-457e-afb0-7dcec903aa52] Processed batch 89: 100 new, 0 updated, 0 errors","timestamp":"2025-04-02T19:26:40.246Z"}
{"level":"info","message":"[Job 55cd7877-551e-457e-afb0-7dcec903aa52] Processed batch 90: 100 new, 0 updated, 0 errors","timestamp":"2025-04-02T19:26:40.270Z"}
{"level":"info","message":"[Job 55cd7877-551e-457e-afb0-7dcec903aa52] Processed batch 91: 100 new, 0 updated, 0 errors","timestamp":"2025-04-02T19:26:40.296Z"}
{"level":"info","message":"[Job 55cd7877-551e-457e-afb0-7dcec903aa52] Processed batch 92: 100 new, 0 updated, 0 errors","timestamp":"2025-04-02T19:26:40.322Z"}
{"level":"info","message":"[Job 55cd7877-551e-457e-afb0-7dcec903aa52] Processed batch 93: 100 new, 0 updated, 0 errors","timestamp":"2025-04-02T19:26:40.345Z"}
{"level":"info","message":"[Job 55cd7877-551e-457e-afb0-7dcec903aa52] Processed batch 94: 100 new, 0 updated, 0 errors","timestamp":"2025-04-02T19:26:40.366Z"}
{"level":"info","message":"[Job 55cd7877-551e-457e-afb0-7dcec903aa52] Processed batch 95: 100 new, 0 updated, 0 errors","timestamp":"2025-04-02T19:26:40.386Z"}
{"level":"info","message":"[Job 55cd7877-551e-457e-afb0-7dcec903aa52] Processed batch 96: 100 new, 0 updated, 0 errors","timestamp":"2025-04-02T19:26:40.416Z"}
{"level":"info","message":"[Job 55cd7877-551e-457e-afb0-7dcec903aa52] Processed batch 97: 100 new, 0 updated, 0 errors","timestamp":"2025-04-02T19:26:40.440Z"}
{"level":"info","message":"[Job 55cd7877-551e-457e-afb0-7dcec903aa52] Processed batch 98: 100 new, 0 updated, 0 errors","timestamp":"2025-04-02T19:26:40.462Z"}
{"level":"info","message":"[Job 55cd7877-551e-457e-afb0-7dcec903aa52] Processed batch 99: 100 new, 0 updated, 0 errors","timestamp":"2025-04-02T19:26:40.525Z"}
{"level":"info","message":"[Job 55cd7877-551e-457e-afb0-7dcec903aa52] Processed batch 100: 100 new, 0 updated, 0 errors","timestamp":"2025-04-02T19:26:40.546Z"}
{"level":"info","message":"[Job 55cd7877-551e-457e-afb0-7dcec903aa52] Processed batch 101: 100 new, 0 updated, 0 errors","timestamp":"2025-04-02T19:26:40.567Z"}
{"level":"info","message":"[Job 55cd7877-551e-457e-afb0-7dcec903aa52] Processed batch 102: 100 new, 0 updated, 0 errors","timestamp":"2025-04-02T19:26:40.591Z"}
{"level":"info","message":"[Job 55cd7877-551e-457e-afb0-7dcec903aa52] Processed batch 103: 100 new, 0 updated, 0 errors","timestamp":"2025-04-02T19:26:40.618Z"}
{"level":"info","message":"[Job 55cd7877-551e-457e-afb0-7dcec903aa52] Processed batch 104: 100 new, 0 updated, 0 errors","timestamp":"2025-04-02T19:26:40.640Z"}
{"level":"info","message":"[Job 55cd7877-551e-457e-afb0-7dcec903aa52] Processed batch 105: 100 new, 0 updated, 0 errors","timestamp":"2025-04-02T19:26:40.664Z"}
{"level":"info","message":"[Job 55cd7877-551e-457e-afb0-7dcec903aa52] Processed batch 106: 100 new, 0 updated, 0 errors","timestamp":"2025-04-02T19:26:40.688Z"}
{"level":"info","message":"[Job 55cd7877-551e-457e-afb0-7dcec903aa52] Processed batch 107: 100 new, 0 updated, 0 errors","timestamp":"2025-04-02T19:26:40.714Z"}
{"level":"info","message":"[Job 55cd7877-551e-457e-afb0-7dcec903aa52] Processed batch 108: 100 new, 0 updated, 0 errors","timestamp":"2025-04-02T19:26:40.739Z"}
{"level":"info","message":"[Job 55cd7877-551e-457e-afb0-7dcec903aa52] Processed batch 109: 100 new, 0 updated, 0 errors","timestamp":"2025-04-02T19:26:40.761Z"}
{"level":"info","message":"[Job 55cd7877-551e-457e-afb0-7dcec903aa52] Processed batch 110: 100 new, 0 updated, 0 errors","timestamp":"2025-04-02T19:26:40.790Z"}
{"level":"info","message":"[Job 55cd7877-551e-457e-afb0-7dcec903aa52] Processed batch 111: 100 new, 0 updated, 0 errors","timestamp":"2025-04-02T19:26:40.818Z"}
{"level":"info","message":"[Job 55cd7877-551e-457e-afb0-7dcec903aa52] Processed batch 112: 100 new, 0 updated, 0 errors","timestamp":"2025-04-02T19:26:40.845Z"}
{"level":"info","message":"[Job 55cd7877-551e-457e-afb0-7dcec903aa52] Processed batch 113: 100 new, 0 updated, 0 errors","timestamp":"2025-04-02T19:26:40.870Z"}
{"level":"info","message":"[Job 55cd7877-551e-457e-afb0-7dcec903aa52] Processed batch 114: 100 new, 0 updated, 0 errors","timestamp":"2025-04-02T19:26:40.915Z"}
{"level":"info","message":"[Job 55cd7877-551e-457e-afb0-7dcec903aa52] Processed batch 115: 100 new, 0 updated, 0 errors","timestamp":"2025-04-02T19:26:40.940Z"}
{"level":"info","message":"[Job 55cd7877-551e-457e-afb0-7dcec903aa52] Processed batch 116: 100 new, 0 updated, 0 errors","timestamp":"2025-04-02T19:26:40.965Z"}
{"level":"info","message":"[Job 55cd7877-551e-457e-afb0-7dcec903aa52] Processed batch 117: 100 new, 0 updated, 0 errors","timestamp":"2025-04-02T19:26:40.988Z"}
{"level":"info","message":"[Job 55cd7877-551e-457e-afb0-7dcec903aa52] Processed batch 118: 100 new, 0 updated, 0 errors","timestamp":"2025-04-02T19:26:41.013Z"}
{"level":"info","message":"[Job 55cd7877-551e-457e-afb0-7dcec903aa52] Processed batch 119: 100 new, 0 updated, 0 errors","timestamp":"2025-04-02T19:26:41.034Z"}
{"level":"info","message":"[Job 55cd7877-551e-457e-afb0-7dcec903aa52] Processed batch 120: 100 new, 0 updated, 0 errors","timestamp":"2025-04-02T19:26:41.057Z"}
{"level":"info","message":"[Job 55cd7877-551e-457e-afb0-7dcec903aa52] Processed batch 121: 100 new, 0 updated, 0 errors","timestamp":"2025-04-02T19:26:41.079Z"}
{"level":"info","message":"[Job 55cd7877-551e-457e-afb0-7dcec903aa52] Processed batch 122: 100 new, 0 updated, 0 errors","timestamp":"2025-04-02T19:26:41.099Z"}
{"level":"info","message":"[Job 55cd7877-551e-457e-afb0-7dcec903aa52] Processed batch 123: 100 new, 0 updated, 0 errors","timestamp":"2025-04-02T19:26:41.120Z"}
{"level":"info","message":"[Job 55cd7877-551e-457e-afb0-7dcec903aa52] Processed batch 124: 100 new, 0 updated, 0 errors","timestamp":"2025-04-02T19:26:41.142Z"}
{"level":"info","message":"[Job 55cd7877-551e-457e-afb0-7dcec903aa52] Processed batch 125: 100 new, 0 updated, 0 errors","timestamp":"2025-04-02T19:26:41.165Z"}
{"level":"info","message":"[Job 55cd7877-551e-457e-afb0-7dcec903aa52] Processed batch 126: 100 new, 0 updated, 0 errors","timestamp":"2025-04-02T19:26:41.188Z"}
{"level":"info","message":"[Job 55cd7877-551e-457e-afb0-7dcec903aa52] Processed batch 127: 100 new, 0 updated, 0 errors","timestamp":"2025-04-02T19:26:41.212Z"}
{"level":"info","message":"[Job 55cd7877-551e-457e-afb0-7dcec903aa52] Processed batch 128: 100 new, 0 updated, 0 errors","timestamp":"2025-04-02T19:26:41.231Z"}
{"level":"info","message":"[Job 55cd7877-551e-457e-afb0-7dcec903aa52] Processed batch 129: 100 new, 0 updated, 0 errors","timestamp":"2025-04-02T19:26:41.268Z"}
{"level":"info","message":"[Job 55cd7877-551e-457e-afb0-7dcec903aa52] Processed batch 130: 100 new, 0 updated, 0 errors","timestamp":"2025-04-02T19:26:41.296Z"}
{"level":"info","message":"[Job 55cd7877-551e-457e-afb0-7dcec903aa52] Processed batch 131: 100 new, 0 updated, 0 errors","timestamp":"2025-04-02T19:26:41.322Z"}
{"level":"info","message":"[Job 55cd7877-551e-457e-afb0-7dcec903aa52] Processed batch 132: 100 new, 0 updated, 0 errors","timestamp":"2025-04-02T19:26:41.345Z"}
{"level":"info","message":"[Job 55cd7877-551e-457e-afb0-7dcec903aa52] Processed batch 133: 100 new, 0 updated, 0 errors","timestamp":"2025-04-02T19:26:41.367Z"}
{"level":"info","message":"[Job 55cd7877-551e-457e-afb0-7dcec903aa52] Processed batch 134: 100 new, 0 updated, 0 errors","timestamp":"2025-04-02T19:26:41.388Z"}
{"level":"info","message":"[Job 55cd7877-551e-457e-afb0-7dcec903aa52] Processed batch 135: 100 new, 0 updated, 0 errors","timestamp":"2025-04-02T19:26:41.409Z"}
{"level":"info","message":"[Job 55cd7877-551e-457e-afb0-7dcec903aa52] Processed batch 136: 100 new, 0 updated, 0 errors","timestamp":"2025-04-02T19:26:41.434Z"}
{"level":"info","message":"[Job 55cd7877-551e-457e-afb0-7dcec903aa52] Processed batch 137: 100 new, 0 updated, 0 errors","timestamp":"2025-04-02T19:26:41.460Z"}
{"level":"info","message":"[Job 55cd7877-551e-457e-afb0-7dcec903aa52] Processed batch 138: 100 new, 0 updated, 0 errors","timestamp":"2025-04-02T19:26:41.483Z"}
{"level":"info","message":"[Job 55cd7877-551e-457e-afb0-7dcec903aa52] Processed batch 139: 100 new, 0 updated, 0 errors","timestamp":"2025-04-02T19:26:41.508Z"}
{"level":"info","message":"[Job 55cd7877-551e-457e-afb0-7dcec903aa52] Processed batch 140: 100 new, 0 updated, 0 errors","timestamp":"2025-04-02T19:26:41.531Z"}
{"level":"info","message":"[Job 55cd7877-551e-457e-afb0-7dcec903aa52] Processed batch 141: 100 new, 0 updated, 0 errors","timestamp":"2025-04-02T19:26:41.553Z"}
{"level":"info","message":"[Job 55cd7877-551e-457e-afb0-7dcec903aa52] Processed batch 142: 100 new, 0 updated, 0 errors","timestamp":"2025-04-02T19:26:41.573Z"}
{"level":"info","message":"[Job 55cd7877-551e-457e-afb0-7dcec903aa52] Processed batch 143: 100 new, 0 updated, 0 errors","timestamp":"2025-04-02T19:26:41.601Z"}
{"level":"info","message":"[Job 55cd7877-551e-457e-afb0-7dcec903aa52] Processed batch 144: 100 new, 0 updated, 0 errors","timestamp":"2025-04-02T19:26:41.644Z"}
{"level":"info","message":"[Job 55cd7877-551e-457e-afb0-7dcec903aa52] Processed batch 145: 100 new, 0 updated, 0 errors","timestamp":"2025-04-02T19:26:41.671Z"}
{"level":"info","message":"[Job 55cd7877-551e-457e-afb0-7dcec903aa52] Processed batch 146: 100 new, 0 updated, 0 errors","timestamp":"2025-04-02T19:26:41.694Z"}
{"level":"info","message":"[Job 55cd7877-551e-457e-afb0-7dcec903aa52] Processed batch 147: 100 new, 0 updated, 0 errors","timestamp":"2025-04-02T19:26:41.717Z"}
{"level":"info","message":"[Job 55cd7877-551e-457e-afb0-7dcec903aa52] Processed batch 148: 100 new, 0 updated, 0 errors","timestamp":"2025-04-02T19:26:41.736Z"}
{"level":"info","message":"[Job 55cd7877-551e-457e-afb0-7dcec903aa52] Processed batch 149: 100 new, 0 updated, 0 errors","timestamp":"2025-04-02T19:26:41.763Z"}
{"level":"info","message":"[Job 55cd7877-551e-457e-afb0-7dcec903aa52] Processed batch 150: 99 new, 1 updated, 0 errors","timestamp":"2025-04-02T19:26:41.847Z"}
{"level":"info","message":"[Job 55cd7877-551e-457e-afb0-7dcec903aa52] Processed batch 151: 100 new, 0 updated, 0 errors","timestamp":"2025-04-02T19:26:41.890Z"}
{"level":"info","message":"[Job 55cd7877-551e-457e-afb0-7dcec903aa52] Processed batch 152: 100 new, 0 updated, 0 errors","timestamp":"2025-04-02T19:26:41.918Z"}
{"level":"info","message":"[Job 55cd7877-551e-457e-afb0-7dcec903aa52] Processed batch 153: 100 new, 0 updated, 0 errors","timestamp":"2025-04-02T19:26:41.951Z"}
{"level":"info","message":"[Job 55cd7877-551e-457e-afb0-7dcec903aa52] Processed batch 154: 100 new, 0 updated, 0 errors","timestamp":"2025-04-02T19:26:41.980Z"}
{"level":"info","message":"[Job 55cd7877-551e-457e-afb0-7dcec903aa52] Processed batch 155: 100 new, 0 updated, 0 errors","timestamp":"2025-04-02T19:26:42.005Z"}
{"level":"info","message":"[Job 55cd7877-551e-457e-afb0-7dcec903aa52] Processed batch 156: 100 new, 0 updated, 0 errors","timestamp":"2025-04-02T19:26:42.031Z"}
{"level":"info","message":"[Job 55cd7877-551e-457e-afb0-7dcec903aa52] Processed batch 157: 100 new, 0 updated, 0 errors","timestamp":"2025-04-02T19:26:42.093Z"}
{"level":"info","message":"[Job 55cd7877-551e-457e-afb0-7dcec903aa52] Processed batch 158: 100 new, 0 updated, 0 errors","timestamp":"2025-04-02T19:26:42.122Z"}
{"level":"info","message":"[Job 55cd7877-551e-457e-afb0-7dcec903aa52] Processed batch 159: 100 new, 0 updated, 0 errors","timestamp":"2025-04-02T19:26:42.165Z"}
{"level":"info","message":"[Job 55cd7877-551e-457e-afb0-7dcec903aa52] Processed batch 160: 100 new, 0 updated, 0 errors","timestamp":"2025-04-02T19:26:42.232Z"}
{"level":"info","message":"[Job 55cd7877-551e-457e-afb0-7dcec903aa52] Processed batch 161: 100 new, 0 updated, 0 errors","timestamp":"2025-04-02T19:26:42.262Z"}
{"level":"info","message":"[Job 55cd7877-551e-457e-afb0-7dcec903aa52] Processed batch 162: 100 new, 0 updated, 0 errors","timestamp":"2025-04-02T19:26:42.291Z"}
{"level":"info","message":"[Job 55cd7877-551e-457e-afb0-7dcec903aa52] Processed batch 163: 100 new, 0 updated, 0 errors","timestamp":"2025-04-02T19:26:42.320Z"}
{"level":"info","message":"[Job 55cd7877-551e-457e-afb0-7dcec903aa52] Processed batch 164: 100 new, 0 updated, 0 errors","timestamp":"2025-04-02T19:26:42.349Z"}
{"level":"info","message":"[Job 55cd7877-551e-457e-afb0-7dcec903aa52] Processed batch 165: 100 new, 0 updated, 0 errors","timestamp":"2025-04-02T19:26:42.378Z"}
{"level":"info","message":"[Job 55cd7877-551e-457e-afb0-7dcec903aa52] Processed batch 166: 100 new, 0 updated, 0 errors","timestamp":"2025-04-02T19:26:42.405Z"}
{"level":"info","message":"[Job 55cd7877-551e-457e-afb0-7dcec903aa52] Processed batch 167: 100 new, 0 updated, 0 errors","timestamp":"2025-04-02T19:26:42.435Z"}
{"level":"info","message":"[Job 55cd7877-551e-457e-afb0-7dcec903aa52] Processed batch 168: 100 new, 0 updated, 0 errors","timestamp":"2025-04-02T19:26:42.462Z"}
{"level":"info","message":"[Job 55cd7877-551e-457e-afb0-7dcec903aa52] Processed batch 169: 100 new, 0 updated, 0 errors","timestamp":"2025-04-02T19:26:42.486Z"}
{"level":"info","message":"[Job 55cd7877-551e-457e-afb0-7dcec903aa52] Processed batch 170: 100 new, 0 updated, 0 errors","timestamp":"2025-04-02T19:26:42.513Z"}
{"level":"info","message":"[Job 55cd7877-551e-457e-afb0-7dcec903aa52] Processed batch 171: 100 new, 0 updated, 0 errors","timestamp":"2025-04-02T19:26:42.539Z"}
{"level":"info","message":"[Job 55cd7877-551e-457e-afb0-7dcec903aa52] Processed batch 172: 100 new, 0 updated, 0 errors","timestamp":"2025-04-02T19:26:42.567Z"}
{"level":"info","message":"[Job 55cd7877-551e-457e-afb0-7dcec903aa52] Processed batch 173: 100 new, 0 updated, 0 errors","timestamp":"2025-04-02T19:26:42.594Z"}
{"level":"info","message":"[Job 55cd7877-551e-457e-afb0-7dcec903aa52] Processed batch 174: 100 new, 0 updated, 0 errors","timestamp":"2025-04-02T19:26:42.638Z"}
{"level":"info","message":"[Job 55cd7877-551e-457e-afb0-7dcec903aa52] Processed batch 175: 100 new, 0 updated, 0 errors","timestamp":"2025-04-02T19:26:42.669Z"}
{"level":"info","message":"[Job 55cd7877-551e-457e-afb0-7dcec903aa52] Processed batch 176: 100 new, 0 updated, 0 errors","timestamp":"2025-04-02T19:26:42.699Z"}
{"level":"info","message":"[Job 55cd7877-551e-457e-afb0-7dcec903aa52] Processed batch 177: 100 new, 0 updated, 0 errors","timestamp":"2025-04-02T19:26:42.724Z"}
{"level":"info","message":"[Job 55cd7877-551e-457e-afb0-7dcec903aa52] Processed batch 178: 100 new, 0 updated, 0 errors","timestamp":"2025-04-02T19:26:42.752Z"}
{"level":"info","message":"[Job 55cd7877-551e-457e-afb0-7dcec903aa52] Processed batch 179: 100 new, 0 updated, 0 errors","timestamp":"2025-04-02T19:26:42.779Z"}
{"level":"info","message":"[Job 55cd7877-551e-457e-afb0-7dcec903aa52] Processed batch 180: 100 new, 0 updated, 0 errors","timestamp":"2025-04-02T19:26:42.802Z"}
{"level":"info","message":"[Job 55cd7877-551e-457e-afb0-7dcec903aa52] Processed batch 181: 100 new, 0 updated, 0 errors","timestamp":"2025-04-02T19:26:42.830Z"}
{"level":"info","message":"[Job 55cd7877-551e-457e-afb0-7dcec903aa52] Processed batch 182: 100 new, 0 updated, 0 errors","timestamp":"2025-04-02T19:26:42.861Z"}
{"level":"info","message":"[Job 55cd7877-551e-457e-afb0-7dcec903aa52] Processed batch 183: 100 new, 0 updated, 0 errors","timestamp":"2025-04-02T19:26:42.901Z"}
{"level":"info","message":"[Job 55cd7877-551e-457e-afb0-7dcec903aa52] Processed batch 184: 100 new, 0 updated, 0 errors","timestamp":"2025-04-02T19:26:42.929Z"}
{"level":"info","message":"[Job 55cd7877-551e-457e-afb0-7dcec903aa52] Processed batch 185: 100 new, 0 updated, 0 errors","timestamp":"2025-04-02T19:26:42.961Z"}
{"level":"info","message":"[Job 55cd7877-551e-457e-afb0-7dcec903aa52] Processed batch 186: 100 new, 0 updated, 0 errors","timestamp":"2025-04-02T19:26:42.987Z"}
{"level":"info","message":"[Job 55cd7877-551e-457e-afb0-7dcec903aa52] Processed batch 187: 100 new, 0 updated, 0 errors","timestamp":"2025-04-02T19:26:43.018Z"}
{"level":"info","message":"[Job 55cd7877-551e-457e-afb0-7dcec903aa52] Processed batch 188: 100 new, 0 updated, 0 errors","timestamp":"2025-04-02T19:26:43.040Z"}
{"level":"info","message":"[Job 55cd7877-551e-457e-afb0-7dcec903aa52] Processed batch 189: 100 new, 0 updated, 0 errors","timestamp":"2025-04-02T19:26:43.080Z"}
{"level":"info","message":"[Job 55cd7877-551e-457e-afb0-7dcec903aa52] Processed batch 190: 100 new, 0 updated, 0 errors","timestamp":"2025-04-02T19:26:43.102Z"}
{"level":"info","message":"[Job 55cd7877-551e-457e-afb0-7dcec903aa52] Processed batch 191: 100 new, 0 updated, 0 errors","timestamp":"2025-04-02T19:26:43.130Z"}
{"level":"info","message":"[Job 55cd7877-551e-457e-afb0-7dcec903aa52] Processed batch 192: 100 new, 0 updated, 0 errors","timestamp":"2025-04-02T19:26:43.154Z"}
{"level":"info","message":"[Job 55cd7877-551e-457e-afb0-7dcec903aa52] Processed batch 193: 100 new, 0 updated, 0 errors","timestamp":"2025-04-02T19:26:43.183Z"}
{"level":"info","message":"[Job 55cd7877-551e-457e-afb0-7dcec903aa52] Processed batch 194: 100 new, 0 updated, 0 errors","timestamp":"2025-04-02T19:26:43.215Z"}
{"level":"info","message":"[Job 55cd7877-551e-457e-afb0-7dcec903aa52] Processed batch 195: 100 new, 0 updated, 0 errors","timestamp":"2025-04-02T19:26:43.239Z"}
{"level":"info","message":"[Job 55cd7877-551e-457e-afb0-7dcec903aa52] Processed batch 196: 99 new, 1 updated, 0 errors","timestamp":"2025-04-02T19:26:43.269Z"}
{"level":"info","message":"[Job 55cd7877-551e-457e-afb0-7dcec903aa52] Processed batch 197: 100 new, 0 updated, 0 errors","timestamp":"2025-04-02T19:26:43.302Z"}
{"level":"info","message":"[Job 55cd7877-551e-457e-afb0-7dcec903aa52] Processed batch 198: 100 new, 0 updated, 0 errors","timestamp":"2025-04-02T19:26:43.332Z"}
{"level":"info","message":"[Job 55cd7877-551e-457e-afb0-7dcec903aa52] Processed batch 199: 100 new, 0 updated, 0 errors","timestamp":"2025-04-02T19:26:43.363Z"}
{"level":"info","message":"[Job 55cd7877-551e-457e-afb0-7dcec903aa52] Processed batch 200: 100 new, 0 updated, 0 errors","timestamp":"2025-04-02T19:26:43.386Z"}
{"level":"info","message":"[Job 55cd7877-551e-457e-afb0-7dcec903aa52] Processed batch 201: 100 new, 0 updated, 0 errors","timestamp":"2025-04-02T19:26:43.414Z"}
{"level":"info","message":"[Job 55cd7877-551e-457e-afb0-7dcec903aa52] Processed batch 202: 100 new, 0 updated, 0 errors","timestamp":"2025-04-02T19:26:43.436Z"}
{"level":"info","message":"[Job 55cd7877-551e-457e-afb0-7dcec903aa52] Processed batch 203: 100 new, 0 updated, 0 errors","timestamp":"2025-04-02T19:26:43.465Z"}
{"level":"info","message":"[Job 55cd7877-551e-457e-afb0-7dcec903aa52] Processed batch 204: 100 new, 0 updated, 0 errors","timestamp":"2025-04-02T19:26:43.507Z"}
{"level":"info","message":"[Job 55cd7877-551e-457e-afb0-7dcec903aa52] Processed batch 205: 100 new, 0 updated, 0 errors","timestamp":"2025-04-02T19:26:43.535Z"}
{"level":"info","message":"[Job 55cd7877-551e-457e-afb0-7dcec903aa52] Processed batch 206: 100 new, 0 updated, 0 errors","timestamp":"2025-04-02T19:26:43.566Z"}
{"level":"info","message":"[Job 55cd7877-551e-457e-afb0-7dcec903aa52] Processed batch 207: 100 new, 0 updated, 0 errors","timestamp":"2025-04-02T19:26:43.595Z"}
{"level":"info","message":"[Job 55cd7877-551e-457e-afb0-7dcec903aa52] Processed batch 208: 100 new, 0 updated, 0 errors","timestamp":"2025-04-02T19:26:43.625Z"}
{"level":"info","message":"[Job 55cd7877-551e-457e-afb0-7dcec903aa52] Processed batch 209: 100 new, 0 updated, 0 errors","timestamp":"2025-04-02T19:26:43.653Z"}
{"level":"info","message":"[Job 55cd7877-551e-457e-afb0-7dcec903aa52] Processed batch 210: 100 new, 0 updated, 0 errors","timestamp":"2025-04-02T19:26:43.681Z"}
{"level":"info","message":"[Job 55cd7877-551e-457e-afb0-7dcec903aa52] Processed batch 211: 100 new, 0 updated, 0 errors","timestamp":"2025-04-02T19:26:43.703Z"}
{"level":"info","message":"[Job 55cd7877-551e-457e-afb0-7dcec903aa52] Processed batch 212: 100 new, 0 updated, 0 errors","timestamp":"2025-04-02T19:26:43.727Z"}
{"level":"info","message":"[Job 55cd7877-551e-457e-afb0-7dcec903aa52] Processed batch 213: 100 new, 0 updated, 0 errors","timestamp":"2025-04-02T19:26:43.749Z"}
{"level":"info","message":"[Job 55cd7877-551e-457e-afb0-7dcec903aa52] Processed batch 214: 100 new, 0 updated, 0 errors","timestamp":"2025-04-02T19:26:43.768Z"}
{"level":"info","message":"[Job 55cd7877-551e-457e-afb0-7dcec903aa52] Processed batch 215: 100 new, 0 updated, 0 errors","timestamp":"2025-04-02T19:26:43.790Z"}
{"level":"info","message":"[Job 55cd7877-551e-457e-afb0-7dcec903aa52] Processed batch 216: 100 new, 0 updated, 0 errors","timestamp":"2025-04-02T19:26:43.813Z"}
{"level":"info","message":"[Job 55cd7877-551e-457e-afb0-7dcec903aa52] Processed batch 217: 100 new, 0 updated, 0 errors","timestamp":"2025-04-02T19:26:43.849Z"}
{"level":"info","message":"[Job 55cd7877-551e-457e-afb0-7dcec903aa52] Processed batch 218: 100 new, 0 updated, 0 errors","timestamp":"2025-04-02T19:26:43.889Z"}
{"level":"info","message":"[Job 55cd7877-551e-457e-afb0-7dcec903aa52] Processed batch 219: 100 new, 0 updated, 0 errors","timestamp":"2025-04-02T19:26:43.914Z"}
{"level":"info","message":"[Job 55cd7877-551e-457e-afb0-7dcec903aa52] Processed batch 220: 100 new, 0 updated, 0 errors","timestamp":"2025-04-02T19:26:43.937Z"}
{"level":"info","message":"[Job 55cd7877-551e-457e-afb0-7dcec903aa52] Processed batch 221: 100 new, 0 updated, 0 errors","timestamp":"2025-04-02T19:26:43.964Z"}
{"level":"info","message":"[Job 55cd7877-551e-457e-afb0-7dcec903aa52] Processed batch 222: 100 new, 0 updated, 0 errors","timestamp":"2025-04-02T19:26:43.985Z"}
{"level":"info","message":"[Job 55cd7877-551e-457e-afb0-7dcec903aa52] Processed batch 223: 100 new, 0 updated, 0 errors","timestamp":"2025-04-02T19:26:44.014Z"}
{"level":"info","message":"[Job 55cd7877-551e-457e-afb0-7dcec903aa52] Processed batch 224: 100 new, 0 updated, 0 errors","timestamp":"2025-04-02T19:26:44.042Z"}
{"level":"info","message":"[Job 55cd7877-551e-457e-afb0-7dcec903aa52] Processed batch 225: 100 new, 0 updated, 0 errors","timestamp":"2025-04-02T19:26:44.070Z"}
{"level":"info","message":"[Job 55cd7877-551e-457e-afb0-7dcec903aa52] Processed batch 226: 100 new, 0 updated, 0 errors","timestamp":"2025-04-02T19:26:44.096Z"}
{"level":"info","message":"[Job 55cd7877-551e-457e-afb0-7dcec903aa52] Processed batch 227: 100 new, 0 updated, 0 errors","timestamp":"2025-04-02T19:26:44.120Z"}
{"level":"info","message":"[Job 55cd7877-551e-457e-afb0-7dcec903aa52] Processed batch 228: 100 new, 0 updated, 0 errors","timestamp":"2025-04-02T19:26:44.151Z"}
{"level":"info","message":"[Job 55cd7877-551e-457e-afb0-7dcec903aa52] Processed batch 229: 100 new, 0 updated, 0 errors","timestamp":"2025-04-02T19:26:44.189Z"}
{"level":"info","message":"[Job 55cd7877-551e-457e-afb0-7dcec903aa52] Processed batch 230: 100 new, 0 updated, 0 errors","timestamp":"2025-04-02T19:26:44.232Z"}
{"level":"info","message":"[Job 55cd7877-551e-457e-afb0-7dcec903aa52] Processed batch 231: 100 new, 0 updated, 0 errors","timestamp":"2025-04-02T19:26:44.253Z"}
{"level":"info","message":"[Job 55cd7877-551e-457e-afb0-7dcec903aa52] Processed batch 232: 100 new, 0 updated, 0 errors","timestamp":"2025-04-02T19:26:44.274Z"}
{"level":"info","message":"[Job 55cd7877-551e-457e-afb0-7dcec903aa52] Processed batch 233: 100 new, 0 updated, 0 errors","timestamp":"2025-04-02T19:26:44.314Z"}
{"level":"info","message":"[Job 55cd7877-551e-457e-afb0-7dcec903aa52] Processed batch 234: 99 new, 1 updated, 0 errors","timestamp":"2025-04-02T19:26:44.336Z"}
{"level":"info","message":"[Job 55cd7877-551e-457e-afb0-7dcec903aa52] Processed batch 235: 100 new, 0 updated, 0 errors","timestamp":"2025-04-02T19:26:44.363Z"}
{"level":"info","message":"[Job 55cd7877-551e-457e-afb0-7dcec903aa52] Processed batch 236: 100 new, 0 updated, 0 errors","timestamp":"2025-04-02T19:26:44.388Z"}
{"level":"info","message":"[Job 55cd7877-551e-457e-afb0-7dcec903aa52] Processed batch 237: 100 new, 0 updated, 0 errors","timestamp":"2025-04-02T19:26:44.415Z"}
{"level":"info","message":"[Job 55cd7877-551e-457e-afb0-7dcec903aa52] Processed batch 238: 100 new, 0 updated, 0 errors","timestamp":"2025-04-02T19:26:44.437Z"}
{"level":"info","message":"[Job 55cd7877-551e-457e-afb0-7dcec903aa52] Processed batch 239: 100 new, 0 updated, 0 errors","timestamp":"2025-04-02T19:26:44.462Z"}
{"level":"info","message":"[Job 55cd7877-551e-457e-afb0-7dcec903aa52] Processed batch 240: 100 new, 0 updated, 0 errors","timestamp":"2025-04-02T19:26:44.488Z"}
{"level":"info","message":"[Job 55cd7877-551e-457e-afb0-7dcec903aa52] Processed batch 241: 100 new, 0 updated, 0 errors","timestamp":"2025-04-02T19:26:44.514Z"}
{"level":"info","message":"[Job 55cd7877-551e-457e-afb0-7dcec903aa52] Processed batch 242: 100 new, 0 updated, 0 errors","timestamp":"2025-04-02T19:26:44.535Z"}
{"level":"info","message":"[Job 55cd7877-551e-457e-afb0-7dcec903aa52] Processed batch 243: 100 new, 0 updated, 0 errors","timestamp":"2025-04-02T19:26:44.559Z"}
{"level":"info","message":"[Job 55cd7877-551e-457e-afb0-7dcec903aa52] Processed batch 244: 100 new, 0 updated, 0 errors","timestamp":"2025-04-02T19:26:44.587Z"}
{"level":"info","message":"[Job 55cd7877-551e-457e-afb0-7dcec903aa52] Processed batch 245: 100 new, 0 updated, 0 errors","timestamp":"2025-04-02T19:26:44.608Z"}
{"level":"info","message":"[Job 55cd7877-551e-457e-afb0-7dcec903aa52] Processed batch 246: 100 new, 0 updated, 0 errors","timestamp":"2025-04-02T19:26:44.634Z"}
{"level":"info","message":"[Job 55cd7877-551e-457e-afb0-7dcec903aa52] Processed batch 247: 100 new, 0 updated, 0 errors","timestamp":"2025-04-02T19:26:44.690Z"}
{"level":"info","message":"[Job 55cd7877-551e-457e-afb0-7dcec903aa52] Processed batch 248: 100 new, 0 updated, 0 errors","timestamp":"2025-04-02T19:26:44.715Z"}
{"level":"info","message":"[Job 55cd7877-551e-457e-afb0-7dcec903aa52] Processed batch 249: 100 new, 0 updated, 0 errors","timestamp":"2025-04-02T19:26:44.738Z"}
{"level":"info","message":"[Job 55cd7877-551e-457e-afb0-7dcec903aa52] Processed batch 250: 100 new, 0 updated, 0 errors","timestamp":"2025-04-02T19:26:44.765Z"}
{"level":"info","message":"[Job 55cd7877-551e-457e-afb0-7dcec903aa52] Processed batch 251: 100 new, 0 updated, 0 errors","timestamp":"2025-04-02T19:26:44.793Z"}
{"level":"info","message":"[Job 55cd7877-551e-457e-afb0-7dcec903aa52] Processed batch 252: 100 new, 0 updated, 0 errors","timestamp":"2025-04-02T19:26:44.818Z"}
{"level":"info","message":"[Job 55cd7877-551e-457e-afb0-7dcec903aa52] Processed batch 253: 100 new, 0 updated, 0 errors","timestamp":"2025-04-02T19:26:44.841Z"}
{"level":"info","message":"[Job 55cd7877-551e-457e-afb0-7dcec903aa52] Processed batch 254: 100 new, 0 updated, 0 errors","timestamp":"2025-04-02T19:26:44.866Z"}
{"level":"info","message":"[Job 55cd7877-551e-457e-afb0-7dcec903aa52] Processed batch 255: 100 new, 0 updated, 0 errors","timestamp":"2025-04-02T19:26:44.889Z"}
{"level":"info","message":"[Job 55cd7877-551e-457e-afb0-7dcec903aa52] Processed batch 256: 100 new, 0 updated, 0 errors","timestamp":"2025-04-02T19:26:44.915Z"}
{"level":"info","message":"[Job 55cd7877-551e-457e-afb0-7dcec903aa52] Processed batch 257: 100 new, 0 updated, 0 errors","timestamp":"2025-04-02T19:26:44.939Z"}
{"level":"info","message":"[Job 55cd7877-551e-457e-afb0-7dcec903aa52] Processed batch 258: 100 new, 0 updated, 0 errors","timestamp":"2025-04-02T19:26:44.970Z"}
{"level":"info","message":"[Job 55cd7877-551e-457e-afb0-7dcec903aa52] Processed batch 259: 100 new, 0 updated, 0 errors","timestamp":"2025-04-02T19:26:44.994Z"}
{"level":"info","message":"[Job 55cd7877-551e-457e-afb0-7dcec903aa52] Processed batch 260: 100 new, 0 updated, 0 errors","timestamp":"2025-04-02T19:26:45.021Z"}
{"level":"info","message":"[Job 55cd7877-551e-457e-afb0-7dcec903aa52] Processed batch 261: 100 new, 0 updated, 0 errors","timestamp":"2025-04-02T19:26:45.047Z"}
{"level":"info","message":"[Job 55cd7877-551e-457e-afb0-7dcec903aa52] Processed batch 262: 100 new, 0 updated, 0 errors","timestamp":"2025-04-02T19:26:45.092Z"}
{"level":"info","message":"[Job 55cd7877-551e-457e-afb0-7dcec903aa52] Processed batch 263: 100 new, 0 updated, 0 errors","timestamp":"2025-04-02T19:26:45.120Z"}
{"level":"info","message":"[Job 55cd7877-551e-457e-afb0-7dcec903aa52] Processed batch 264: 100 new, 0 updated, 0 errors","timestamp":"2025-04-02T19:26:45.143Z"}
{"level":"info","message":"[Job 55cd7877-551e-457e-afb0-7dcec903aa52] Processed batch 265: 100 new, 0 updated, 0 errors","timestamp":"2025-04-02T19:26:45.172Z"}
{"level":"info","message":"[Job 55cd7877-551e-457e-afb0-7dcec903aa52] Processed batch 266: 100 new, 0 updated, 0 errors","timestamp":"2025-04-02T19:26:45.201Z"}
{"level":"info","message":"[Job 55cd7877-551e-457e-afb0-7dcec903aa52] Processed batch 267: 100 new, 0 updated, 0 errors","timestamp":"2025-04-02T19:26:45.225Z"}
{"level":"info","message":"[Job 55cd7877-551e-457e-afb0-7dcec903aa52] Processed batch 268: 100 new, 0 updated, 0 errors","timestamp":"2025-04-02T19:26:45.251Z"}
{"level":"info","message":"[Job 55cd7877-551e-457e-afb0-7dcec903aa52] Processed batch 269: 100 new, 0 updated, 0 errors","timestamp":"2025-04-02T19:26:45.271Z"}
{"level":"info","message":"[Job 55cd7877-551e-457e-afb0-7dcec903aa52] Processed batch 270: 100 new, 0 updated, 0 errors","timestamp":"2025-04-02T19:26:45.301Z"}
{"level":"info","message":"[Job 55cd7877-551e-457e-afb0-7dcec903aa52] Processed batch 271: 100 new, 0 updated, 0 errors","timestamp":"2025-04-02T19:26:45.325Z"}
{"level":"info","message":"[Job 55cd7877-551e-457e-afb0-7dcec903aa52] Processed batch 272: 100 new, 0 updated, 0 errors","timestamp":"2025-04-02T19:26:45.349Z"}
{"level":"info","message":"[Job 55cd7877-551e-457e-afb0-7dcec903aa52] Processed batch 273: 100 new, 0 updated, 0 errors","timestamp":"2025-04-02T19:26:45.372Z"}
{"level":"info","message":"[Job 55cd7877-551e-457e-afb0-7dcec903aa52] Processed batch 274: 100 new, 0 updated, 0 errors","timestamp":"2025-04-02T19:26:45.400Z"}
{"level":"info","message":"[Job 55cd7877-551e-457e-afb0-7dcec903aa52] Processed batch 275: 100 new, 0 updated, 0 errors","timestamp":"2025-04-02T19:26:45.426Z"}
{"level":"info","message":"[Job 55cd7877-551e-457e-afb0-7dcec903aa52] Processed batch 276: 100 new, 0 updated, 0 errors","timestamp":"2025-04-02T19:26:45.451Z"}
{"level":"info","message":"[Job 55cd7877-551e-457e-afb0-7dcec903aa52] Processed batch 277: 100 new, 0 updated, 0 errors","timestamp":"2025-04-02T19:26:45.490Z"}
{"level":"info","message":"[Job 55cd7877-551e-457e-afb0-7dcec903aa52] Processed batch 278: 100 new, 0 updated, 0 errors","timestamp":"2025-04-02T19:26:45.516Z"}
{"level":"info","message":"[Job 55cd7877-551e-457e-afb0-7dcec903aa52] Processed batch 279: 100 new, 0 updated, 0 errors","timestamp":"2025-04-02T19:26:45.547Z"}
{"level":"info","message":"[Job 55cd7877-551e-457e-afb0-7dcec903aa52] Processed batch 280: 100 new, 0 updated, 0 errors","timestamp":"2025-04-02T19:26:45.572Z"}
{"level":"info","message":"[Job 55cd7877-551e-457e-afb0-7dcec903aa52] Processed batch 281: 100 new, 0 updated, 0 errors","timestamp":"2025-04-02T19:26:45.598Z"}
{"level":"info","message":"[Job 55cd7877-551e-457e-afb0-7dcec903aa52] Processed batch 282: 100 new, 0 updated, 0 errors","timestamp":"2025-04-02T19:26:45.626Z"}
{"level":"info","message":"[Job 55cd7877-551e-457e-afb0-7dcec903aa52] Processed batch 283: 100 new, 0 updated, 0 errors","timestamp":"2025-04-02T19:26:45.649Z"}
{"level":"info","message":"[Job 55cd7877-551e-457e-afb0-7dcec903aa52] Processed batch 284: 100 new, 0 updated, 0 errors","timestamp":"2025-04-02T19:26:45.672Z"}
{"level":"info","message":"[Job 55cd7877-551e-457e-afb0-7dcec903aa52] Processed batch 285: 100 new, 0 updated, 0 errors","timestamp":"2025-04-02T19:26:45.701Z"}
{"level":"info","message":"[Job 55cd7877-551e-457e-afb0-7dcec903aa52] Processed batch 286: 100 new, 0 updated, 0 errors","timestamp":"2025-04-02T19:26:45.731Z"}
{"level":"info","message":"[Job 55cd7877-551e-457e-afb0-7dcec903aa52] Processed batch 287: 100 new, 0 updated, 0 errors","timestamp":"2025-04-02T19:26:45.754Z"}
{"level":"info","message":"[Job 55cd7877-551e-457e-afb0-7dcec903aa52] Processed batch 288: 100 new, 0 updated, 0 errors","timestamp":"2025-04-02T19:26:45.775Z"}
{"level":"info","message":"[Job 55cd7877-551e-457e-afb0-7dcec903aa52] Processed batch 289: 100 new, 0 updated, 0 errors","timestamp":"2025-04-02T19:26:45.800Z"}
{"level":"info","message":"[Job 55cd7877-551e-457e-afb0-7dcec903aa52] Processed batch 290: 100 new, 0 updated, 0 errors","timestamp":"2025-04-02T19:26:45.821Z"}
{"level":"info","message":"[Job 55cd7877-551e-457e-afb0-7dcec903aa52] Processed batch 291: 100 new, 0 updated, 0 errors","timestamp":"2025-04-02T19:26:45.843Z"}
{"level":"info","message":"[Job 55cd7877-551e-457e-afb0-7dcec903aa52] Processed batch 292: 100 new, 0 updated, 0 errors","timestamp":"2025-04-02T19:26:45.868Z"}
{"level":"info","message":"[Job 55cd7877-551e-457e-afb0-7dcec903aa52] Processed batch 293: 100 new, 0 updated, 0 errors","timestamp":"2025-04-02T19:26:45.908Z"}
{"level":"info","message":"[Job 55cd7877-551e-457e-afb0-7dcec903aa52] Processed batch 294: 100 new, 0 updated, 0 errors","timestamp":"2025-04-02T19:26:45.933Z"}
{"level":"info","message":"[Job 55cd7877-551e-457e-afb0-7dcec903aa52] Processed batch 295: 100 new, 0 updated, 0 errors","timestamp":"2025-04-02T19:26:45.955Z"}
{"level":"info","message":"[Job 55cd7877-551e-457e-afb0-7dcec903aa52] Processed batch 296: 99 new, 1 updated, 0 errors","timestamp":"2025-04-02T19:26:45.977Z"}
{"level":"info","message":"[Job 55cd7877-551e-457e-afb0-7dcec903aa52] Processed batch 297: 100 new, 0 updated, 0 errors","timestamp":"2025-04-02T19:26:46.006Z"}
{"level":"info","message":"[Job 55cd7877-551e-457e-afb0-7dcec903aa52] Processed batch 298: 100 new, 0 updated, 0 errors","timestamp":"2025-04-02T19:26:46.033Z"}
{"level":"info","message":"[Job 55cd7877-551e-457e-afb0-7dcec903aa52] Processed batch 299: 100 new, 0 updated, 0 errors","timestamp":"2025-04-02T19:26:46.055Z"}
{"level":"info","message":"[Job 55cd7877-551e-457e-afb0-7dcec903aa52] Processed batch 300: 100 new, 0 updated, 0 errors","timestamp":"2025-04-02T19:26:46.077Z"}
{"level":"info","message":"[Job 55cd7877-551e-457e-afb0-7dcec903aa52] Processed batch 301: 100 new, 0 updated, 0 errors","timestamp":"2025-04-02T19:26:46.104Z"}
{"level":"info","message":"[Job 55cd7877-551e-457e-afb0-7dcec903aa52] Processed batch 302: 100 new, 0 updated, 0 errors","timestamp":"2025-04-02T19:26:46.132Z"}
{"level":"info","message":"[Job 55cd7877-551e-457e-afb0-7dcec903aa52] Processed batch 303: 100 new, 0 updated, 0 errors","timestamp":"2025-04-02T19:26:46.158Z"}
{"level":"info","message":"[Job 55cd7877-551e-457e-afb0-7dcec903aa52] Processed batch 304: 100 new, 0 updated, 0 errors","timestamp":"2025-04-02T19:26:46.188Z"}
{"level":"info","message":"[Job 55cd7877-551e-457e-afb0-7dcec903aa52] Processed batch 305: 100 new, 0 updated, 0 errors","timestamp":"2025-04-02T19:26:46.218Z"}
{"level":"info","message":"[Job 55cd7877-551e-457e-afb0-7dcec903aa52] Processed batch 306: 100 new, 0 updated, 0 errors","timestamp":"2025-04-02T19:26:46.241Z"}
{"level":"info","message":"[Job 55cd7877-551e-457e-afb0-7dcec903aa52] Processed batch 307: 100 new, 0 updated, 0 errors","timestamp":"2025-04-02T19:26:46.266Z"}
{"level":"info","message":"[Job 55cd7877-551e-457e-afb0-7dcec903aa52] Processed batch 308: 100 new, 0 updated, 0 errors","timestamp":"2025-04-02T19:26:46.311Z"}
{"level":"info","message":"[Job 55cd7877-551e-457e-afb0-7dcec903aa52] Processed batch 309: 100 new, 0 updated, 0 errors","timestamp":"2025-04-02T19:26:46.335Z"}
{"level":"info","message":"[Job 55cd7877-551e-457e-afb0-7dcec903aa52] Processed batch 310: 100 new, 0 updated, 0 errors","timestamp":"2025-04-02T19:26:46.358Z"}
{"level":"info","message":"[Job 55cd7877-551e-457e-afb0-7dcec903aa52] Processed batch 311: 100 new, 0 updated, 0 errors","timestamp":"2025-04-02T19:26:46.385Z"}
{"level":"info","message":"[Job 55cd7877-551e-457e-afb0-7dcec903aa52] Processed batch 312: 100 new, 0 updated, 0 errors","timestamp":"2025-04-02T19:26:46.409Z"}
{"level":"info","message":"[Job 55cd7877-551e-457e-afb0-7dcec903aa52] Processed batch 313: 100 new, 0 updated, 0 errors","timestamp":"2025-04-02T19:26:46.434Z"}
{"level":"info","message":"[Job 55cd7877-551e-457e-afb0-7dcec903aa52] Processed batch 314: 100 new, 0 updated, 0 errors","timestamp":"2025-04-02T19:26:46.501Z"}
{"level":"info","message":"[Job 55cd7877-551e-457e-afb0-7dcec903aa52] Processed batch 315: 100 new, 0 updated, 0 errors","timestamp":"2025-04-02T19:26:46.527Z"}
{"level":"info","message":"[Job 55cd7877-551e-457e-afb0-7dcec903aa52] Processed batch 316: 100 new, 0 updated, 0 errors","timestamp":"2025-04-02T19:26:46.546Z"}
{"level":"info","message":"[Job 55cd7877-551e-457e-afb0-7dcec903aa52] Processed batch 317: 100 new, 0 updated, 0 errors","timestamp":"2025-04-02T19:26:46.570Z"}
{"level":"info","message":"[Job 55cd7877-551e-457e-afb0-7dcec903aa52] Processed batch 318: 100 new, 0 updated, 0 errors","timestamp":"2025-04-02T19:26:46.592Z"}
{"level":"info","message":"[Job 55cd7877-551e-457e-afb0-7dcec903aa52] Processed batch 319: 100 new, 0 updated, 0 errors","timestamp":"2025-04-02T19:26:46.617Z"}
{"level":"info","message":"[Job 55cd7877-551e-457e-afb0-7dcec903aa52] Processed batch 320: 100 new, 0 updated, 0 errors","timestamp":"2025-04-02T19:26:46.644Z"}
{"level":"info","message":"[Job 55cd7877-551e-457e-afb0-7dcec903aa52] Processed batch 321: 100 new, 0 updated, 0 errors","timestamp":"2025-04-02T19:26:46.673Z"}
{"level":"info","message":"[Job 55cd7877-551e-457e-afb0-7dcec903aa52] Processed batch 322: 100 new, 0 updated, 0 errors","timestamp":"2025-04-02T19:26:46.698Z"}
{"level":"info","message":"[Job 55cd7877-551e-457e-afb0-7dcec903aa52] Processed batch 323: 100 new, 0 updated, 0 errors","timestamp":"2025-04-02T19:26:46.736Z"}
{"level":"info","message":"[Job 55cd7877-551e-457e-afb0-7dcec903aa52] Processed batch 324: 100 new, 0 updated, 0 errors","timestamp":"2025-04-02T19:26:46.757Z"}
{"level":"info","message":"[Job 55cd7877-551e-457e-afb0-7dcec903aa52] Processed batch 325: 100 new, 0 updated, 0 errors","timestamp":"2025-04-02T19:26:46.783Z"}
{"level":"info","message":"[Job 55cd7877-551e-457e-afb0-7dcec903aa52] Processed batch 326: 100 new, 0 updated, 0 errors","timestamp":"2025-04-02T19:26:46.809Z"}
{"level":"info","message":"[Job 55cd7877-551e-457e-afb0-7dcec903aa52] Processed batch 327: 100 new, 0 updated, 0 errors","timestamp":"2025-04-02T19:26:46.835Z"}
{"level":"info","message":"[Job 55cd7877-551e-457e-afb0-7dcec903aa52] Processed batch 328: 100 new, 0 updated, 0 errors","timestamp":"2025-04-02T19:26:46.862Z"}
{"level":"info","message":"[Job 55cd7877-551e-457e-afb0-7dcec903aa52] Processed batch 329: 100 new, 0 updated, 0 errors","timestamp":"2025-04-02T19:26:46.900Z"}
{"level":"info","message":"[Job 55cd7877-551e-457e-afb0-7dcec903aa52] Processed batch 330: 100 new, 0 updated, 0 errors","timestamp":"2025-04-02T19:26:46.926Z"}
{"level":"info","message":"[Job 55cd7877-551e-457e-afb0-7dcec903aa52] Processed batch 331: 100 new, 0 updated, 0 errors","timestamp":"2025-04-02T19:26:46.953Z"}
{"level":"info","message":"[Job 55cd7877-551e-457e-afb0-7dcec903aa52] Processed batch 332: 100 new, 0 updated, 0 errors","timestamp":"2025-04-02T19:26:46.975Z"}
{"level":"info","message":"[Job 55cd7877-551e-457e-afb0-7dcec903aa52] Processed batch 333: 100 new, 0 updated, 0 errors","timestamp":"2025-04-02T19:26:47.002Z"}
{"level":"info","message":"[Job 55cd7877-551e-457e-afb0-7dcec903aa52] Processed batch 334: 100 new, 0 updated, 0 errors","timestamp":"2025-04-02T19:26:47.031Z"}
{"level":"info","message":"[Job 55cd7877-551e-457e-afb0-7dcec903aa52] Processed batch 335: 100 new, 0 updated, 0 errors","timestamp":"2025-04-02T19:26:47.058Z"}
{"level":"info","message":"[Job 55cd7877-551e-457e-afb0-7dcec903aa52] Processed batch 336: 100 new, 0 updated, 0 errors","timestamp":"2025-04-02T19:26:47.080Z"}
{"level":"info","message":"[Job 55cd7877-551e-457e-afb0-7dcec903aa52] Processed batch 337: 100 new, 0 updated, 0 errors","timestamp":"2025-04-02T19:26:47.104Z"}
{"level":"info","message":"[Job 55cd7877-551e-457e-afb0-7dcec903aa52] Processed batch 338: 100 new, 0 updated, 0 errors","timestamp":"2025-04-02T19:26:47.201Z"}
{"level":"info","message":"[Job 55cd7877-551e-457e-afb0-7dcec903aa52] Processed batch 339: 100 new, 0 updated, 0 errors","timestamp":"2025-04-02T19:26:47.226Z"}
{"level":"info","message":"[Job 55cd7877-551e-457e-afb0-7dcec903aa52] Processed batch 340: 100 new, 0 updated, 0 errors","timestamp":"2025-04-02T19:26:47.263Z"}
{"level":"info","message":"[Job 55cd7877-551e-457e-afb0-7dcec903aa52] Processed batch 341: 100 new, 0 updated, 0 errors","timestamp":"2025-04-02T19:26:47.292Z"}
{"level":"info","message":"[Job 55cd7877-551e-457e-afb0-7dcec903aa52] Processed batch 342: 100 new, 0 updated, 0 errors","timestamp":"2025-04-02T19:26:47.319Z"}
{"level":"info","message":"[Job 55cd7877-551e-457e-afb0-7dcec903aa52] Processed batch 343: 100 new, 0 updated, 0 errors","timestamp":"2025-04-02T19:26:47.344Z"}
{"level":"info","message":"[Job 55cd7877-551e-457e-afb0-7dcec903aa52] Processed batch 344: 100 new, 0 updated, 0 errors","timestamp":"2025-04-02T19:26:47.368Z"}
{"level":"info","message":"[Job 55cd7877-551e-457e-afb0-7dcec903aa52] Processed batch 345: 100 new, 0 updated, 0 errors","timestamp":"2025-04-02T19:26:47.388Z"}
{"level":"info","message":"[Job 55cd7877-551e-457e-afb0-7dcec903aa52] Processed batch 346: 100 new, 0 updated, 0 errors","timestamp":"2025-04-02T19:26:47.411Z"}
{"level":"info","message":"[Job 55cd7877-551e-457e-afb0-7dcec903aa52] Processed batch 347: 100 new, 0 updated, 0 errors","timestamp":"2025-04-02T19:26:47.434Z"}
{"level":"info","message":"[Job 55cd7877-551e-457e-afb0-7dcec903aa52] Processed batch 348: 100 new, 0 updated, 0 errors","timestamp":"2025-04-02T19:26:47.457Z"}
{"level":"info","message":"[Job 55cd7877-551e-457e-afb0-7dcec903aa52] Processed batch 349: 100 new, 0 updated, 0 errors","timestamp":"2025-04-02T19:26:47.479Z"}
{"level":"info","message":"[Job 55cd7877-551e-457e-afb0-7dcec903aa52] Processed batch 350: 100 new, 0 updated, 0 errors","timestamp":"2025-04-02T19:26:47.503Z"}
{"level":"info","message":"[Job 55cd7877-551e-457e-afb0-7dcec903aa52] Processed batch 351: 100 new, 0 updated, 0 errors","timestamp":"2025-04-02T19:26:47.523Z"}
{"level":"info","message":"[Job 55cd7877-551e-457e-afb0-7dcec903aa52] Processed batch 352: 100 new, 0 updated, 0 errors","timestamp":"2025-04-02T19:26:47.546Z"}
{"level":"info","message":"[Job 55cd7877-551e-457e-afb0-7dcec903aa52] Processed batch 353: 100 new, 0 updated, 0 errors","timestamp":"2025-04-02T19:26:47.588Z"}
{"level":"info","message":"[Job 55cd7877-551e-457e-afb0-7dcec903aa52] Processed batch 354: 100 new, 0 updated, 0 errors","timestamp":"2025-04-02T19:26:47.613Z"}
{"level":"info","message":"[Job 55cd7877-551e-457e-afb0-7dcec903aa52] Processed batch 355: 100 new, 0 updated, 0 errors","timestamp":"2025-04-02T19:26:47.640Z"}
{"level":"info","message":"[Job 55cd7877-551e-457e-afb0-7dcec903aa52] Processed batch 356: 100 new, 0 updated, 0 errors","timestamp":"2025-04-02T19:26:47.662Z"}
{"level":"info","message":"[Job 55cd7877-551e-457e-afb0-7dcec903aa52] Processed batch 357: 100 new, 0 updated, 0 errors","timestamp":"2025-04-02T19:26:47.689Z"}
{"level":"info","message":"[Job 55cd7877-551e-457e-afb0-7dcec903aa52] Processed batch 358: 100 new, 0 updated, 0 errors","timestamp":"2025-04-02T19:26:47.713Z"}
{"level":"info","message":"[Job 55cd7877-551e-457e-afb0-7dcec903aa52] Processed batch 359: 100 new, 0 updated, 0 errors","timestamp":"2025-04-02T19:26:47.738Z"}
{"level":"info","message":"[Job 55cd7877-551e-457e-afb0-7dcec903aa52] Processed batch 360: 100 new, 0 updated, 0 errors","timestamp":"2025-04-02T19:26:47.767Z"}
{"level":"info","message":"[Job 55cd7877-551e-457e-afb0-7dcec903aa52] Processed batch 361: 100 new, 0 updated, 0 errors","timestamp":"2025-04-02T19:26:47.792Z"}
{"level":"info","message":"[Job 55cd7877-551e-457e-afb0-7dcec903aa52] Processed batch 362: 100 new, 0 updated, 0 errors","timestamp":"2025-04-02T19:26:47.818Z"}
{"level":"info","message":"[Job 55cd7877-551e-457e-afb0-7dcec903aa52] Processed batch 363: 100 new, 0 updated, 0 errors","timestamp":"2025-04-02T19:26:47.845Z"}
{"level":"info","message":"[Job 55cd7877-551e-457e-afb0-7dcec903aa52] Processed batch 364: 100 new, 0 updated, 0 errors","timestamp":"2025-04-02T19:26:47.873Z"}
{"level":"info","message":"[Job 55cd7877-551e-457e-afb0-7dcec903aa52] Processed batch 365: 100 new, 0 updated, 0 errors","timestamp":"2025-04-02T19:26:47.903Z"}
{"level":"info","message":"[Job 55cd7877-551e-457e-afb0-7dcec903aa52] Processed batch 366: 100 new, 0 updated, 0 errors","timestamp":"2025-04-02T19:26:47.926Z"}
{"level":"info","message":"[Job 55cd7877-551e-457e-afb0-7dcec903aa52] Processed batch 367: 100 new, 0 updated, 0 errors","timestamp":"2025-04-02T19:26:47.951Z"}
{"level":"info","message":"[Job 55cd7877-551e-457e-afb0-7dcec903aa52] Processed batch 368: 100 new, 0 updated, 0 errors","timestamp":"2025-04-02T19:26:47.993Z"}
{"level":"info","message":"[Job 55cd7877-551e-457e-afb0-7dcec903aa52] Processed batch 369: 100 new, 0 updated, 0 errors","timestamp":"2025-04-02T19:26:48.019Z"}
{"level":"info","message":"[Job 55cd7877-551e-457e-afb0-7dcec903aa52] Processed batch 370: 100 new, 0 updated, 0 errors","timestamp":"2025-04-02T19:26:48.044Z"}
{"level":"info","message":"[Job 55cd7877-551e-457e-afb0-7dcec903aa52] Processed batch 371: 100 new, 0 updated, 0 errors","timestamp":"2025-04-02T19:26:48.069Z"}
{"level":"info","message":"[Job 55cd7877-551e-457e-afb0-7dcec903aa52] Processed batch 372: 100 new, 0 updated, 0 errors","timestamp":"2025-04-02T19:26:48.096Z"}
{"level":"info","message":"[Job 55cd7877-551e-457e-afb0-7dcec903aa52] Processed batch 373: 100 new, 0 updated, 0 errors","timestamp":"2025-04-02T19:26:48.122Z"}
{"level":"info","message":"[Job 55cd7877-551e-457e-afb0-7dcec903aa52] Processed batch 374: 100 new, 0 updated, 0 errors","timestamp":"2025-04-02T19:26:48.148Z"}
{"level":"info","message":"[Job 55cd7877-551e-457e-afb0-7dcec903aa52] Processed batch 375: 100 new, 0 updated, 0 errors","timestamp":"2025-04-02T19:26:48.175Z"}
{"level":"info","message":"[Job 55cd7877-551e-457e-afb0-7dcec903aa52] Processed batch 376: 100 new, 0 updated, 0 errors","timestamp":"2025-04-02T19:26:48.207Z"}
{"level":"info","message":"[Job 55cd7877-551e-457e-afb0-7dcec903aa52] Processed batch 377: 100 new, 0 updated, 0 errors","timestamp":"2025-04-02T19:26:48.241Z"}
{"level":"info","message":"[Job 55cd7877-551e-457e-afb0-7dcec903aa52] Processed batch 378: 100 new, 0 updated, 0 errors","timestamp":"2025-04-02T19:26:48.265Z"}
{"level":"info","message":"[Job 55cd7877-551e-457e-afb0-7dcec903aa52] Processed batch 379: 100 new, 0 updated, 0 errors","timestamp":"2025-04-02T19:26:48.295Z"}
{"level":"info","message":"[Job 55cd7877-551e-457e-afb0-7dcec903aa52] Processed batch 380: 100 new, 0 updated, 0 errors","timestamp":"2025-04-02T19:26:48.322Z"}
{"level":"info","message":"[Job 55cd7877-551e-457e-afb0-7dcec903aa52] Processed batch 381: 100 new, 0 updated, 0 errors","timestamp":"2025-04-02T19:26:48.345Z"}
{"level":"info","message":"[Job 55cd7877-551e-457e-afb0-7dcec903aa52] Processed batch 382: 100 new, 0 updated, 0 errors","timestamp":"2025-04-02T19:26:48.388Z"}
{"level":"info","message":"[Job 55cd7877-551e-457e-afb0-7dcec903aa52] Processed batch 383: 100 new, 0 updated, 0 errors","timestamp":"2025-04-02T19:26:48.411Z"}
{"level":"info","message":"[Job 55cd7877-551e-457e-afb0-7dcec903aa52] Processed batch 384: 100 new, 0 updated, 0 errors","timestamp":"2025-04-02T19:26:48.437Z"}
{"level":"info","message":"[Job 55cd7877-551e-457e-afb0-7dcec903aa52] Processed batch 385: 100 new, 0 updated, 0 errors","timestamp":"2025-04-02T19:26:48.463Z"}
{"level":"info","message":"[Job 55cd7877-551e-457e-afb0-7dcec903aa52] Processed batch 386: 100 new, 0 updated, 0 errors","timestamp":"2025-04-02T19:26:48.490Z"}
{"level":"info","message":"[Job 55cd7877-551e-457e-afb0-7dcec903aa52] Processed batch 387: 100 new, 0 updated, 0 errors","timestamp":"2025-04-02T19:26:48.513Z"}
{"level":"info","message":"[Job 55cd7877-551e-457e-afb0-7dcec903aa52] Processed batch 388: 100 new, 0 updated, 0 errors","timestamp":"2025-04-02T19:26:48.542Z"}
{"level":"info","message":"[Job 55cd7877-551e-457e-afb0-7dcec903aa52] Processed batch 389: 100 new, 0 updated, 0 errors","timestamp":"2025-04-02T19:26:48.569Z"}
{"level":"info","message":"[Job 55cd7877-551e-457e-afb0-7dcec903aa52] Processed batch 390: 100 new, 0 updated, 0 errors","timestamp":"2025-04-02T19:26:48.596Z"}
{"level":"info","message":"[Job 55cd7877-551e-457e-afb0-7dcec903aa52] Processed batch 391: 100 new, 0 updated, 0 errors","timestamp":"2025-04-02T19:26:48.625Z"}
{"level":"info","message":"[Job 55cd7877-551e-457e-afb0-7dcec903aa52] Processed batch 392: 100 new, 0 updated, 0 errors","timestamp":"2025-04-02T19:26:48.653Z"}
{"level":"info","message":"[Job 55cd7877-551e-457e-afb0-7dcec903aa52] Processed batch 393: 100 new, 0 updated, 0 errors","timestamp":"2025-04-02T19:26:48.676Z"}
{"level":"info","message":"[Job 55cd7877-551e-457e-afb0-7dcec903aa52] Processed batch 394: 100 new, 0 updated, 0 errors","timestamp":"2025-04-02T19:26:48.703Z"}
{"level":"info","message":"[Job 55cd7877-551e-457e-afb0-7dcec903aa52] Processed batch 395: 100 new, 0 updated, 0 errors","timestamp":"2025-04-02T19:26:48.727Z"}
{"level":"info","message":"[Job 55cd7877-551e-457e-afb0-7dcec903aa52] Processed batch 396: 100 new, 0 updated, 0 errors","timestamp":"2025-04-02T19:26:48.753Z"}
{"level":"info","message":"[Job 55cd7877-551e-457e-afb0-7dcec903aa52] Processed batch 397: 100 new, 0 updated, 0 errors","timestamp":"2025-04-02T19:26:48.796Z"}
{"level":"info","message":"[Job 55cd7877-551e-457e-afb0-7dcec903aa52] Processed batch 398: 100 new, 0 updated, 0 errors","timestamp":"2025-04-02T19:26:48.821Z"}
{"level":"info","message":"[Job 55cd7877-551e-457e-afb0-7dcec903aa52] Processed batch 399: 100 new, 0 updated, 0 errors","timestamp":"2025-04-02T19:26:48.846Z"}
{"level":"info","message":"[Job 55cd7877-551e-457e-afb0-7dcec903aa52] Processed batch 400: 100 new, 0 updated, 0 errors","timestamp":"2025-04-02T19:26:48.877Z"}
{"level":"info","message":"[Job 55cd7877-551e-457e-afb0-7dcec903aa52] Processed batch 401: 100 new, 0 updated, 0 errors","timestamp":"2025-04-02T19:26:48.904Z"}
{"level":"info","message":"[Job 55cd7877-551e-457e-afb0-7dcec903aa52] Processed batch 402: 100 new, 0 updated, 0 errors","timestamp":"2025-04-02T19:26:48.926Z"}
{"level":"info","message":"[Job 55cd7877-551e-457e-afb0-7dcec903aa52] Processed batch 403: 99 new, 1 updated, 0 errors","timestamp":"2025-04-02T19:26:48.954Z"}
{"level":"info","message":"[Job 55cd7877-551e-457e-afb0-7dcec903aa52] Processed batch 404: 100 new, 0 updated, 0 errors","timestamp":"2025-04-02T19:26:48.979Z"}
{"level":"info","message":"[Job 55cd7877-551e-457e-afb0-7dcec903aa52] Processed batch 405: 100 new, 0 updated, 0 errors","timestamp":"2025-04-02T19:26:49.008Z"}
{"level":"info","message":"[Job 55cd7877-551e-457e-afb0-7dcec903aa52] Processed batch 406: 100 new, 0 updated, 0 errors","timestamp":"2025-04-02T19:26:49.030Z"}
{"level":"info","message":"[Job 55cd7877-551e-457e-afb0-7dcec903aa52] Processed batch 407: 100 new, 0 updated, 0 errors","timestamp":"2025-04-02T19:26:49.054Z"}
{"level":"info","message":"[Job 55cd7877-551e-457e-afb0-7dcec903aa52] Processed batch 408: 100 new, 0 updated, 0 errors","timestamp":"2025-04-02T19:26:49.080Z"}
{"level":"info","message":"[Job 55cd7877-551e-457e-afb0-7dcec903aa52] Processed batch 409: 100 new, 0 updated, 0 errors","timestamp":"2025-04-02T19:26:49.108Z"}
{"level":"info","message":"[Job 55cd7877-551e-457e-afb0-7dcec903aa52] Processed batch 410: 100 new, 0 updated, 0 errors","timestamp":"2025-04-02T19:26:49.132Z"}
{"level":"info","message":"[Job 55cd7877-551e-457e-afb0-7dcec903aa52] Processed batch 411: 100 new, 0 updated, 0 errors","timestamp":"2025-04-02T19:26:49.160Z"}
{"level":"info","message":"[Job 55cd7877-551e-457e-afb0-7dcec903aa52] Processed batch 412: 100 new, 0 updated, 0 errors","timestamp":"2025-04-02T19:26:49.205Z"}
{"level":"info","message":"[Job 55cd7877-551e-457e-afb0-7dcec903aa52] Processed batch 413: 100 new, 0 updated, 0 errors","timestamp":"2025-04-02T19:26:49.229Z"}
{"level":"info","message":"[Job 55cd7877-551e-457e-afb0-7dcec903aa52] Processed batch 414: 99 new, 1 updated, 0 errors","timestamp":"2025-04-02T19:26:49.257Z"}
{"level":"info","message":"[Job 55cd7877-551e-457e-afb0-7dcec903aa52] Processed batch 415: 100 new, 0 updated, 0 errors","timestamp":"2025-04-02T19:26:49.283Z"}
{"level":"info","message":"[Job 55cd7877-551e-457e-afb0-7dcec903aa52] Processed batch 416: 100 new, 0 updated, 0 errors","timestamp":"2025-04-02T19:26:49.307Z"}
{"level":"info","message":"[Job 55cd7877-551e-457e-afb0-7dcec903aa52] Processed batch 417: 100 new, 0 updated, 0 errors","timestamp":"2025-04-02T19:26:49.337Z"}
{"level":"info","message":"[Job 55cd7877-551e-457e-afb0-7dcec903aa52] Processed batch 418: 100 new, 0 updated, 0 errors","timestamp":"2025-04-02T19:26:49.362Z"}
{"level":"info","message":"[Job 55cd7877-551e-457e-afb0-7dcec903aa52] Processed batch 419: 100 new, 0 updated, 0 errors","timestamp":"2025-04-02T19:26:49.389Z"}
{"level":"info","message":"[Job 55cd7877-551e-457e-afb0-7dcec903aa52] Processed batch 420: 100 new, 0 updated, 0 errors","timestamp":"2025-04-02T19:26:49.413Z"}
{"level":"info","message":"[Job 55cd7877-551e-457e-afb0-7dcec903aa52] Processed batch 421: 100 new, 0 updated, 0 errors","timestamp":"2025-04-02T19:26:49.439Z"}
{"level":"info","message":"[Job 55cd7877-551e-457e-afb0-7dcec903aa52] Processed batch 422: 100 new, 0 updated, 0 errors","timestamp":"2025-04-02T19:26:49.465Z"}
{"level":"info","message":"[Job 55cd7877-551e-457e-afb0-7dcec903aa52] Processed batch 423: 100 new, 0 updated, 0 errors","timestamp":"2025-04-02T19:26:49.492Z"}
{"level":"info","message":"[Job 55cd7877-551e-457e-afb0-7dcec903aa52] Processed batch 424: 100 new, 0 updated, 0 errors","timestamp":"2025-04-02T19:26:49.515Z"}
{"level":"info","message":"[Job 55cd7877-551e-457e-afb0-7dcec903aa52] Processed batch 425: 100 new, 0 updated, 0 errors","timestamp":"2025-04-02T19:26:49.539Z"}
{"level":"info","message":"[Job 55cd7877-551e-457e-afb0-7dcec903aa52] Processed batch 426: 100 new, 0 updated, 0 errors","timestamp":"2025-04-02T19:26:49.562Z"}
{"level":"info","message":"[Job 55cd7877-551e-457e-afb0-7dcec903aa52] Processed batch 427: 100 new, 0 updated, 0 errors","timestamp":"2025-04-02T19:26:49.608Z"}
{"level":"info","message":"[Job 55cd7877-551e-457e-afb0-7dcec903aa52] Processed batch 428: 100 new, 0 updated, 0 errors","timestamp":"2025-04-02T19:26:49.629Z"}
{"level":"info","message":"[Job 55cd7877-551e-457e-afb0-7dcec903aa52] Processed batch 429: 100 new, 0 updated, 0 errors","timestamp":"2025-04-02T19:26:49.654Z"}
{"level":"info","message":"[Job 55cd7877-551e-457e-afb0-7dcec903aa52] Processed batch 430: 100 new, 0 updated, 0 errors","timestamp":"2025-04-02T19:26:49.709Z"}
{"level":"info","message":"[Job 55cd7877-551e-457e-afb0-7dcec903aa52] Processed batch 431: 100 new, 0 updated, 0 errors","timestamp":"2025-04-02T19:26:49.733Z"}
{"level":"info","message":"[Job 55cd7877-551e-457e-afb0-7dcec903aa52] Processed batch 432: 100 new, 0 updated, 0 errors","timestamp":"2025-04-02T19:26:49.756Z"}
{"level":"info","message":"[Job 55cd7877-551e-457e-afb0-7dcec903aa52] Processed batch 433: 100 new, 0 updated, 0 errors","timestamp":"2025-04-02T19:26:49.781Z"}
{"level":"info","message":"[Job 55cd7877-551e-457e-afb0-7dcec903aa52] Processed batch 434: 100 new, 0 updated, 0 errors","timestamp":"2025-04-02T19:26:49.810Z"}
{"level":"info","message":"[Job 55cd7877-551e-457e-afb0-7dcec903aa52] Processed batch 435: 100 new, 0 updated, 0 errors","timestamp":"2025-04-02T19:26:49.836Z"}
{"level":"info","message":"[Job 55cd7877-551e-457e-afb0-7dcec903aa52] Processed batch 436: 100 new, 0 updated, 0 errors","timestamp":"2025-04-02T19:26:49.860Z"}
{"level":"info","message":"[Job 55cd7877-551e-457e-afb0-7dcec903aa52] Processed batch 437: 100 new, 0 updated, 0 errors","timestamp":"2025-04-02T19:26:49.893Z"}
{"level":"info","message":"[Job 55cd7877-551e-457e-afb0-7dcec903aa52] Processed batch 438: 100 new, 0 updated, 0 errors","timestamp":"2025-04-02T19:26:49.917Z"}
{"level":"info","message":"[Job 55cd7877-551e-457e-afb0-7dcec903aa52] Processed batch 439: 100 new, 0 updated, 0 errors","timestamp":"2025-04-02T19:26:49.943Z"}
{"level":"info","message":"[Job 55cd7877-551e-457e-afb0-7dcec903aa52] Processed batch 440: 100 new, 0 updated, 0 errors","timestamp":"2025-04-02T19:26:49.969Z"}
{"level":"info","message":"[Job 55cd7877-551e-457e-afb0-7dcec903aa52] Processed batch 441: 100 new, 0 updated, 0 errors","timestamp":"2025-04-02T19:26:50.011Z"}
{"level":"info","message":"[Job 55cd7877-551e-457e-afb0-7dcec903aa52] Processed batch 442: 100 new, 0 updated, 0 errors","timestamp":"2025-04-02T19:26:50.034Z"}
{"level":"info","message":"[Job 55cd7877-551e-457e-afb0-7dcec903aa52] Processed batch 443: 100 new, 0 updated, 0 errors","timestamp":"2025-04-02T19:26:50.058Z"}
{"level":"info","message":"[Job 55cd7877-551e-457e-afb0-7dcec903aa52] Processed batch 444: 100 new, 0 updated, 0 errors","timestamp":"2025-04-02T19:26:50.078Z"}
{"level":"info","message":"[Job 55cd7877-551e-457e-afb0-7dcec903aa52] Processed batch 445: 100 new, 0 updated, 0 errors","timestamp":"2025-04-02T19:26:50.108Z"}
{"level":"info","message":"[Job 55cd7877-551e-457e-afb0-7dcec903aa52] Processed batch 446: 100 new, 0 updated, 0 errors","timestamp":"2025-04-02T19:26:50.130Z"}
{"level":"info","message":"[Job 55cd7877-551e-457e-afb0-7dcec903aa52] Processed batch 447: 100 new, 0 updated, 0 errors","timestamp":"2025-04-02T19:26:50.154Z"}
{"level":"info","message":"[Job 55cd7877-551e-457e-afb0-7dcec903aa52] Processed batch 448: 100 new, 0 updated, 0 errors","timestamp":"2025-04-02T19:26:50.182Z"}
{"level":"info","message":"[Job 55cd7877-551e-457e-afb0-7dcec903aa52] Processed batch 449: 100 new, 0 updated, 0 errors","timestamp":"2025-04-02T19:26:50.207Z"}
{"level":"info","message":"[Job 55cd7877-551e-457e-afb0-7dcec903aa52] Processed batch 450: 100 new, 0 updated, 0 errors","timestamp":"2025-04-02T19:26:50.232Z"}
{"level":"info","message":"[Job 55cd7877-551e-457e-afb0-7dcec903aa52] Processed batch 451: 100 new, 0 updated, 0 errors","timestamp":"2025-04-02T19:26:50.257Z"}
{"level":"info","message":"[Job 55cd7877-551e-457e-afb0-7dcec903aa52] Processed batch 452: 100 new, 0 updated, 0 errors","timestamp":"2025-04-02T19:26:50.280Z"}
{"level":"info","message":"[Job 55cd7877-551e-457e-afb0-7dcec903aa52] Processed batch 453: 100 new, 0 updated, 0 errors","timestamp":"2025-04-02T19:26:50.306Z"}
{"level":"info","message":"[Job 55cd7877-551e-457e-afb0-7dcec903aa52] Processed batch 454: 100 new, 0 updated, 0 errors","timestamp":"2025-04-02T19:26:50.327Z"}
{"level":"info","message":"[Job 55cd7877-551e-457e-afb0-7dcec903aa52] Processed batch 455: 100 new, 0 updated, 0 errors","timestamp":"2025-04-02T19:26:50.352Z"}
{"level":"info","message":"[Job 55cd7877-551e-457e-afb0-7dcec903aa52] Processed batch 456: 100 new, 0 updated, 0 errors","timestamp":"2025-04-02T19:26:50.394Z"}
{"level":"info","message":"[Job 55cd7877-551e-457e-afb0-7dcec903aa52] Processed batch 457: 100 new, 0 updated, 0 errors","timestamp":"2025-04-02T19:26:50.420Z"}
{"level":"info","message":"[Job 55cd7877-551e-457e-afb0-7dcec903aa52] Processed batch 458: 100 new, 0 updated, 0 errors","timestamp":"2025-04-02T19:26:50.443Z"}
{"level":"info","message":"[Job 55cd7877-551e-457e-afb0-7dcec903aa52] Processed batch 459: 100 new, 0 updated, 0 errors","timestamp":"2025-04-02T19:26:50.465Z"}
{"level":"info","message":"[Job 55cd7877-551e-457e-afb0-7dcec903aa52] Processed batch 460: 100 new, 0 updated, 0 errors","timestamp":"2025-04-02T19:26:50.490Z"}
{"level":"info","message":"[Job 55cd7877-551e-457e-afb0-7dcec903aa52] Processed batch 461: 100 new, 0 updated, 0 errors","timestamp":"2025-04-02T19:26:50.512Z"}
{"level":"info","message":"[Job 55cd7877-551e-457e-afb0-7dcec903aa52] Processed batch 462: 100 new, 0 updated, 0 errors","timestamp":"2025-04-02T19:26:50.538Z"}
{"level":"info","message":"[Job 55cd7877-551e-457e-afb0-7dcec903aa52] Processed batch 463: 100 new, 0 updated, 0 errors","timestamp":"2025-04-02T19:26:50.563Z"}
{"level":"info","message":"[Job 55cd7877-551e-457e-afb0-7dcec903aa52] Processed batch 464: 100 new, 0 updated, 0 errors","timestamp":"2025-04-02T19:26:50.589Z"}
{"level":"info","message":"[Job 55cd7877-551e-457e-afb0-7dcec903aa52] Processed batch 465: 100 new, 0 updated, 0 errors","timestamp":"2025-04-02T19:26:50.614Z"}
{"level":"info","message":"[Job 55cd7877-551e-457e-afb0-7dcec903aa52] Processed batch 466: 100 new, 0 updated, 0 errors","timestamp":"2025-04-02T19:26:50.639Z"}
{"level":"info","message":"[Job 55cd7877-551e-457e-afb0-7dcec903aa52] Processed batch 467: 99 new, 1 updated, 0 errors","timestamp":"2025-04-02T19:26:50.665Z"}
{"level":"info","message":"[Job 55cd7877-551e-457e-afb0-7dcec903aa52] Processed batch 468: 100 new, 0 updated, 0 errors","timestamp":"2025-04-02T19:26:50.694Z"}
{"level":"info","message":"[Job 55cd7877-551e-457e-afb0-7dcec903aa52] Processed batch 469: 100 new, 0 updated, 0 errors","timestamp":"2025-04-02T19:26:50.722Z"}
{"level":"info","message":"[Job 55cd7877-551e-457e-afb0-7dcec903aa52] Processed batch 470: 100 new, 0 updated, 0 errors","timestamp":"2025-04-02T19:26:50.748Z"}
{"level":"info","message":"[Job 55cd7877-551e-457e-afb0-7dcec903aa52] Processed batch 471: 100 new, 0 updated, 0 errors","timestamp":"2025-04-02T19:26:50.798Z"}
{"level":"info","message":"[Job 55cd7877-551e-457e-afb0-7dcec903aa52] Processed batch 472: 100 new, 0 updated, 0 errors","timestamp":"2025-04-02T19:26:50.823Z"}
{"level":"info","message":"[Job 55cd7877-551e-457e-afb0-7dcec903aa52] Processed batch 473: 100 new, 0 updated, 0 errors","timestamp":"2025-04-02T19:26:50.847Z"}
{"level":"info","message":"[Job 55cd7877-551e-457e-afb0-7dcec903aa52] Processed batch 474: 100 new, 0 updated, 0 errors","timestamp":"2025-04-02T19:26:50.872Z"}
{"level":"info","message":"[Job 55cd7877-551e-457e-afb0-7dcec903aa52] Processed batch 475: 100 new, 0 updated, 0 errors","timestamp":"2025-04-02T19:26:50.896Z"}
{"level":"info","message":"[Job 55cd7877-551e-457e-afb0-7dcec903aa52] Processed batch 476: 99 new, 1 updated, 0 errors","timestamp":"2025-04-02T19:26:50.920Z"}
{"level":"info","message":"[Job 55cd7877-551e-457e-afb0-7dcec903aa52] Processed batch 477: 100 new, 0 updated, 0 errors","timestamp":"2025-04-02T19:26:50.947Z"}
{"level":"info","message":"[Job 55cd7877-551e-457e-afb0-7dcec903aa52] Processed batch 478: 99 new, 1 updated, 0 errors","timestamp":"2025-04-02T19:26:50.972Z"}
{"level":"info","message":"[Job 55cd7877-551e-457e-afb0-7dcec903aa52] Processed batch 479: 100 new, 0 updated, 0 errors","timestamp":"2025-04-02T19:26:50.997Z"}
{"level":"info","message":"[Job 55cd7877-551e-457e-afb0-7dcec903aa52] Processed batch 480: 100 new, 0 updated, 0 errors","timestamp":"2025-04-02T19:26:51.036Z"}
{"level":"info","message":"[Job 55cd7877-551e-457e-afb0-7dcec903aa52] Processed batch 481: 100 new, 0 updated, 0 errors","timestamp":"2025-04-02T19:26:51.070Z"}
{"level":"info","message":"[Job 55cd7877-551e-457e-afb0-7dcec903aa52] Processed batch 482: 100 new, 0 updated, 0 errors","timestamp":"2025-04-02T19:26:51.099Z"}
{"level":"info","message":"[Job 55cd7877-551e-457e-afb0-7dcec903aa52] Processed batch 483: 99 new, 1 updated, 0 errors","timestamp":"2025-04-02T19:26:51.130Z"}
{"level":"info","message":"[Job 55cd7877-551e-457e-afb0-7dcec903aa52] Processed batch 484: 100 new, 0 updated, 0 errors","timestamp":"2025-04-02T19:26:51.159Z"}
{"level":"info","message":"[Job 55cd7877-551e-457e-afb0-7dcec903aa52] Processed batch 485: 100 new, 0 updated, 0 errors","timestamp":"2025-04-02T19:26:51.188Z"}
{"level":"info","message":"[Job 55cd7877-551e-457e-afb0-7dcec903aa52] Processed batch 486: 100 new, 0 updated, 0 errors","timestamp":"2025-04-02T19:26:51.231Z"}
{"level":"info","message":"[Job 55cd7877-551e-457e-afb0-7dcec903aa52] Processed batch 487: 100 new, 0 updated, 0 errors","timestamp":"2025-04-02T19:26:51.256Z"}
{"level":"info","message":"[Job 55cd7877-551e-457e-afb0-7dcec903aa52] Processed batch 488: 100 new, 0 updated, 0 errors","timestamp":"2025-04-02T19:26:51.280Z"}
{"level":"info","message":"[Job 55cd7877-551e-457e-afb0-7dcec903aa52] Processed batch 489: 100 new, 0 updated, 0 errors","timestamp":"2025-04-02T19:26:51.305Z"}
{"level":"info","message":"[Job 55cd7877-551e-457e-afb0-7dcec903aa52] Processed batch 490: 99 new, 1 updated, 0 errors","timestamp":"2025-04-02T19:26:51.330Z"}
{"level":"info","message":"[Job 55cd7877-551e-457e-afb0-7dcec903aa52] Processed batch 491: 100 new, 0 updated, 0 errors","timestamp":"2025-04-02T19:26:51.363Z"}
{"level":"info","message":"[Job 55cd7877-551e-457e-afb0-7dcec903aa52] Processed batch 492: 100 new, 0 updated, 0 errors","timestamp":"2025-04-02T19:26:51.389Z"}
{"level":"info","message":"[Job 55cd7877-551e-457e-afb0-7dcec903aa52] Processed batch 493: 100 new, 0 updated, 0 errors","timestamp":"2025-04-02T19:26:51.415Z"}
{"level":"info","message":"[Job 55cd7877-551e-457e-afb0-7dcec903aa52] Processed batch 494: 100 new, 0 updated, 0 errors","timestamp":"2025-04-02T19:26:51.442Z"}
{"level":"info","message":"[Job 55cd7877-551e-457e-afb0-7dcec903aa52] Processed batch 495: 100 new, 0 updated, 0 errors","timestamp":"2025-04-02T19:26:51.472Z"}
{"level":"info","message":"[Job 55cd7877-551e-457e-afb0-7dcec903aa52] Processed batch 496: 100 new, 0 updated, 0 errors","timestamp":"2025-04-02T19:26:51.498Z"}
{"level":"info","message":"[Job 55cd7877-551e-457e-afb0-7dcec903aa52] Processed batch 497: 100 new, 0 updated, 0 errors","timestamp":"2025-04-02T19:26:51.524Z"}
{"level":"info","message":"[Job 55cd7877-551e-457e-afb0-7dcec903aa52] Processed batch 498: 100 new, 0 updated, 0 errors","timestamp":"2025-04-02T19:26:51.547Z"}
{"level":"info","message":"[Job 55cd7877-551e-457e-afb0-7dcec903aa52] Processed batch 499: 100 new, 0 updated, 0 errors","timestamp":"2025-04-02T19:26:51.572Z"}
{"level":"info","message":"[Job 55cd7877-551e-457e-afb0-7dcec903aa52] Processed batch 500: 100 new, 0 updated, 0 errors","timestamp":"2025-04-02T19:26:51.613Z"}
{"level":"info","message":"[Job 55cd7877-551e-457e-afb0-7dcec903aa52] Processed batch 501: 100 new, 0 updated, 0 errors","timestamp":"2025-04-02T19:26:51.650Z"}
{"level":"info","message":"[Job 55cd7877-551e-457e-afb0-7dcec903aa52] Processed batch 502: 100 new, 0 updated, 0 errors","timestamp":"2025-04-02T19:26:51.703Z"}
{"level":"info","message":"[Job 55cd7877-551e-457e-afb0-7dcec903aa52] Processed batch 503: 100 new, 0 updated, 0 errors","timestamp":"2025-04-02T19:26:51.743Z"}
{"level":"info","message":"[Job 55cd7877-551e-457e-afb0-7dcec903aa52] Processed batch 504: 100 new, 0 updated, 0 errors","timestamp":"2025-04-02T19:26:51.769Z"}
{"level":"info","message":"[Job 55cd7877-551e-457e-afb0-7dcec903aa52] Processed batch 505: 100 new, 0 updated, 0 errors","timestamp":"2025-04-02T19:26:51.795Z"}
{"level":"info","message":"[Job 55cd7877-551e-457e-afb0-7dcec903aa52] Processed batch 506: 100 new, 0 updated, 0 errors","timestamp":"2025-04-02T19:26:51.821Z"}
{"level":"info","message":"[Job 55cd7877-551e-457e-afb0-7dcec903aa52] Processed batch 507: 100 new, 0 updated, 0 errors","timestamp":"2025-04-02T19:26:51.844Z"}
{"level":"info","message":"[Job 55cd7877-551e-457e-afb0-7dcec903aa52] Processed batch 508: 100 new, 0 updated, 0 errors","timestamp":"2025-04-02T19:26:51.863Z"}
{"level":"info","message":"[Job 55cd7877-551e-457e-afb0-7dcec903aa52] Processed batch 509: 100 new, 0 updated, 0 errors","timestamp":"2025-04-02T19:26:51.884Z"}
{"level":"info","message":"[Job 55cd7877-551e-457e-afb0-7dcec903aa52] Processed batch 510: 100 new, 0 updated, 0 errors","timestamp":"2025-04-02T19:26:51.910Z"}
{"level":"info","message":"[Job 55cd7877-551e-457e-afb0-7dcec903aa52] Processed batch 511: 100 new, 0 updated, 0 errors","timestamp":"2025-04-02T19:26:51.942Z"}
{"level":"info","message":"[Job 55cd7877-551e-457e-afb0-7dcec903aa52] Processed batch 512: 100 new, 0 updated, 0 errors","timestamp":"2025-04-02T19:26:51.973Z"}
{"level":"info","message":"[Job 55cd7877-551e-457e-afb0-7dcec903aa52] Processed batch 513: 100 new, 0 updated, 0 errors","timestamp":"2025-04-02T19:26:51.994Z"}
{"level":"info","message":"[Job 55cd7877-551e-457e-afb0-7dcec903aa52] Processed batch 514: 100 new, 0 updated, 0 errors","timestamp":"2025-04-02T19:26:52.021Z"}
{"level":"info","message":"[Job 55cd7877-551e-457e-afb0-7dcec903aa52] Processed batch 515: 100 new, 0 updated, 0 errors","timestamp":"2025-04-02T19:26:52.061Z"}
{"level":"info","message":"[Job 55cd7877-551e-457e-afb0-7dcec903aa52] Processed batch 516: 100 new, 0 updated, 0 errors","timestamp":"2025-04-02T19:26:52.083Z"}
{"level":"info","message":"[Job 55cd7877-551e-457e-afb0-7dcec903aa52] Processed batch 517: 100 new, 0 updated, 0 errors","timestamp":"2025-04-02T19:26:52.108Z"}
{"level":"info","message":"[Job 55cd7877-551e-457e-afb0-7dcec903aa52] Processed batch 518: 100 new, 0 updated, 0 errors","timestamp":"2025-04-02T19:26:52.132Z"}
{"level":"info","message":"[Job 55cd7877-551e-457e-afb0-7dcec903aa52] Processed batch 519: 100 new, 0 updated, 0 errors","timestamp":"2025-04-02T19:26:52.160Z"}
{"level":"info","message":"[Job 55cd7877-551e-457e-afb0-7dcec903aa52] Processed batch 520: 100 new, 0 updated, 0 errors","timestamp":"2025-04-02T19:26:52.188Z"}
{"level":"info","message":"[Job 55cd7877-551e-457e-afb0-7dcec903aa52] Processed batch 521: 100 new, 0 updated, 0 errors","timestamp":"2025-04-02T19:26:52.210Z"}
{"level":"info","message":"[Job 55cd7877-551e-457e-afb0-7dcec903aa52] Processed batch 522: 100 new, 0 updated, 0 errors","timestamp":"2025-04-02T19:26:52.232Z"}
{"level":"info","message":"[Job 55cd7877-551e-457e-afb0-7dcec903aa52] Processed batch 523: 100 new, 0 updated, 0 errors","timestamp":"2025-04-02T19:26:52.256Z"}
{"level":"info","message":"[Job 55cd7877-551e-457e-afb0-7dcec903aa52] Processed batch 524: 100 new, 0 updated, 0 errors","timestamp":"2025-04-02T19:26:52.288Z"}
{"level":"info","message":"[Job 55cd7877-551e-457e-afb0-7dcec903aa52] Processed batch 525: 100 new, 0 updated, 0 errors","timestamp":"2025-04-02T19:26:52.324Z"}
{"level":"info","message":"[Job 55cd7877-551e-457e-afb0-7dcec903aa52] Processed batch 526: 100 new, 0 updated, 0 errors","timestamp":"2025-04-02T19:26:52.355Z"}
{"level":"info","message":"[Job 55cd7877-551e-457e-afb0-7dcec903aa52] Processed batch 527: 100 new, 0 updated, 0 errors","timestamp":"2025-04-02T19:26:52.376Z"}
{"level":"info","message":"[Job 55cd7877-551e-457e-afb0-7dcec903aa52] Processed batch 528: 100 new, 0 updated, 0 errors","timestamp":"2025-04-02T19:26:52.397Z"}
{"level":"info","message":"[Job 55cd7877-551e-457e-afb0-7dcec903aa52] Processed batch 529: 100 new, 0 updated, 0 errors","timestamp":"2025-04-02T19:26:52.419Z"}
{"level":"info","message":"[Job 55cd7877-551e-457e-afb0-7dcec903aa52] Processed batch 530: 100 new, 0 updated, 0 errors","timestamp":"2025-04-02T19:26:52.458Z"}
{"level":"info","message":"[Job 55cd7877-551e-457e-afb0-7dcec903aa52] Processed batch 531: 100 new, 0 updated, 0 errors","timestamp":"2025-04-02T19:26:52.481Z"}
{"level":"info","message":"[Job 55cd7877-551e-457e-afb0-7dcec903aa52] Processed batch 532: 100 new, 0 updated, 0 errors","timestamp":"2025-04-02T19:26:52.505Z"}
{"level":"info","message":"[Job 55cd7877-551e-457e-afb0-7dcec903aa52] Processed batch 533: 100 new, 0 updated, 0 errors","timestamp":"2025-04-02T19:26:52.527Z"}
{"level":"info","message":"[Job 55cd7877-551e-457e-afb0-7dcec903aa52] Processed batch 534: 100 new, 0 updated, 0 errors","timestamp":"2025-04-02T19:26:52.551Z"}
{"level":"info","message":"[Job 55cd7877-551e-457e-afb0-7dcec903aa52] Processed batch 535: 100 new, 0 updated, 0 errors","timestamp":"2025-04-02T19:26:52.573Z"}
{"level":"info","message":"[Job 55cd7877-551e-457e-afb0-7dcec903aa52] Processed batch 536: 100 new, 0 updated, 0 errors","timestamp":"2025-04-02T19:26:52.597Z"}
{"level":"info","message":"[Job 55cd7877-551e-457e-afb0-7dcec903aa52] Processed batch 537: 100 new, 0 updated, 0 errors","timestamp":"2025-04-02T19:26:52.618Z"}
{"level":"info","message":"[Job 55cd7877-551e-457e-afb0-7dcec903aa52] Processed batch 538: 100 new, 0 updated, 0 errors","timestamp":"2025-04-02T19:26:52.648Z"}
{"level":"info","message":"[Job 55cd7877-551e-457e-afb0-7dcec903aa52] Processed batch 539: 100 new, 0 updated, 0 errors","timestamp":"2025-04-02T19:26:52.686Z"}
{"level":"info","message":"[Job 55cd7877-551e-457e-afb0-7dcec903aa52] Processed batch 540: 100 new, 0 updated, 0 errors","timestamp":"2025-04-02T19:26:52.710Z"}
{"level":"info","message":"[Job 55cd7877-551e-457e-afb0-7dcec903aa52] Processed batch 541: 100 new, 0 updated, 0 errors","timestamp":"2025-04-02T19:26:52.733Z"}
{"level":"info","message":"[Job 55cd7877-551e-457e-afb0-7dcec903aa52] Processed batch 542: 100 new, 0 updated, 0 errors","timestamp":"2025-04-02T19:26:52.759Z"}
{"level":"info","message":"[Job 55cd7877-551e-457e-afb0-7dcec903aa52] Processed batch 543: 100 new, 0 updated, 0 errors","timestamp":"2025-04-02T19:26:52.783Z"}
{"level":"info","message":"[Job 55cd7877-551e-457e-afb0-7dcec903aa52] Processed batch 544: 100 new, 0 updated, 0 errors","timestamp":"2025-04-02T19:26:52.806Z"}
{"level":"info","message":"[Job 55cd7877-551e-457e-afb0-7dcec903aa52] Processed batch 545: 100 new, 0 updated, 0 errors","timestamp":"2025-04-02T19:26:52.853Z"}
{"level":"info","message":"[Job 55cd7877-551e-457e-afb0-7dcec903aa52] Processed batch 546: 100 new, 0 updated, 0 errors","timestamp":"2025-04-02T19:26:52.877Z"}
{"level":"info","message":"[Job 55cd7877-551e-457e-afb0-7dcec903aa52] Processed batch 547: 100 new, 0 updated, 0 errors","timestamp":"2025-04-02T19:26:52.903Z"}
{"level":"info","message":"[Job 55cd7877-551e-457e-afb0-7dcec903aa52] Processed batch 548: 100 new, 0 updated, 0 errors","timestamp":"2025-04-02T19:26:52.931Z"}
{"level":"info","message":"[Job 55cd7877-551e-457e-afb0-7dcec903aa52] Processed batch 549: 100 new, 0 updated, 0 errors","timestamp":"2025-04-02T19:26:52.973Z"}
{"level":"info","message":"[Job 55cd7877-551e-457e-afb0-7dcec903aa52] Processed batch 550: 100 new, 0 updated, 0 errors","timestamp":"2025-04-02T19:26:53.001Z"}
{"level":"info","message":"[Job 55cd7877-551e-457e-afb0-7dcec903aa52] Processed batch 551: 100 new, 0 updated, 0 errors","timestamp":"2025-04-02T19:26:53.030Z"}
{"level":"info","message":"[Job 55cd7877-551e-457e-afb0-7dcec903aa52] Processed batch 552: 100 new, 0 updated, 0 errors","timestamp":"2025-04-02T19:26:53.057Z"}
{"level":"info","message":"[Job 55cd7877-551e-457e-afb0-7dcec903aa52] Processed batch 553: 100 new, 0 updated, 0 errors","timestamp":"2025-04-02T19:26:53.077Z"}
{"level":"info","message":"[Job 55cd7877-551e-457e-afb0-7dcec903aa52] Processed batch 554: 100 new, 0 updated, 0 errors","timestamp":"2025-04-02T19:26:53.098Z"}
{"level":"info","message":"[Job 55cd7877-551e-457e-afb0-7dcec903aa52] Processed batch 555: 100 new, 0 updated, 0 errors","timestamp":"2025-04-02T19:26:53.122Z"}
{"level":"info","message":"[Job 55cd7877-551e-457e-afb0-7dcec903aa52] Processed batch 556: 100 new, 0 updated, 0 errors","timestamp":"2025-04-02T19:26:53.145Z"}
{"level":"info","message":"[Job 55cd7877-551e-457e-afb0-7dcec903aa52] Processed batch 557: 100 new, 0 updated, 0 errors","timestamp":"2025-04-02T19:26:53.209Z"}
{"level":"info","message":"[Job 55cd7877-551e-457e-afb0-7dcec903aa52] Processed batch 558: 100 new, 0 updated, 0 errors","timestamp":"2025-04-02T19:26:53.235Z"}
{"level":"info","message":"[Job 55cd7877-551e-457e-afb0-7dcec903aa52] Processed batch 559: 99 new, 1 updated, 0 errors","timestamp":"2025-04-02T19:26:53.255Z"}
{"level":"info","message":"[Job 55cd7877-551e-457e-afb0-7dcec903aa52] Processed batch 560: 100 new, 0 updated, 0 errors","timestamp":"2025-04-02T19:26:53.278Z"}
{"level":"info","message":"[Job 55cd7877-551e-457e-afb0-7dcec903aa52] Processed batch 561: 100 new, 0 updated, 0 errors","timestamp":"2025-04-02T19:26:53.324Z"}
{"level":"info","message":"[Job 55cd7877-551e-457e-afb0-7dcec903aa52] Processed batch 562: 100 new, 0 updated, 0 errors","timestamp":"2025-04-02T19:26:53.346Z"}
{"level":"info","message":"[Job 55cd7877-551e-457e-afb0-7dcec903aa52] Processed batch 563: 100 new, 0 updated, 0 errors","timestamp":"2025-04-02T19:26:53.369Z"}
{"level":"info","message":"[Job 55cd7877-551e-457e-afb0-7dcec903aa52] Processed batch 564: 100 new, 0 updated, 0 errors","timestamp":"2025-04-02T19:26:53.394Z"}
{"level":"info","message":"[Job 55cd7877-551e-457e-afb0-7dcec903aa52] Processed batch 565: 100 new, 0 updated, 0 errors","timestamp":"2025-04-02T19:26:53.421Z"}
{"level":"info","message":"[Job 55cd7877-551e-457e-afb0-7dcec903aa52] Processed batch 566: 100 new, 0 updated, 0 errors","timestamp":"2025-04-02T19:26:53.449Z"}
{"level":"info","message":"[Job 55cd7877-551e-457e-afb0-7dcec903aa52] Processed batch 567: 100 new, 0 updated, 0 errors","timestamp":"2025-04-02T19:26:53.477Z"}
{"level":"info","message":"[Job 55cd7877-551e-457e-afb0-7dcec903aa52] Processed batch 568: 100 new, 0 updated, 0 errors","timestamp":"2025-04-02T19:26:53.500Z"}
{"level":"info","message":"[Job 55cd7877-551e-457e-afb0-7dcec903aa52] Processed batch 569: 100 new, 0 updated, 0 errors","timestamp":"2025-04-02T19:26:53.526Z"}
{"level":"info","message":"[Job 55cd7877-551e-457e-afb0-7dcec903aa52] Processed batch 570: 100 new, 0 updated, 0 errors","timestamp":"2025-04-02T19:26:53.553Z"}
{"level":"info","message":"[Job 55cd7877-551e-457e-afb0-7dcec903aa52] Processed batch 571: 100 new, 0 updated, 0 errors","timestamp":"2025-04-02T19:26:53.578Z"}
{"level":"info","message":"[Job 55cd7877-551e-457e-afb0-7dcec903aa52] Processed batch 572: 100 new, 0 updated, 0 errors","timestamp":"2025-04-02T19:26:53.605Z"}
{"level":"info","message":"[Job 55cd7877-551e-457e-afb0-7dcec903aa52] Processed batch 573: 100 new, 0 updated, 0 errors","timestamp":"2025-04-02T19:26:53.632Z"}
{"level":"info","message":"[Job 55cd7877-551e-457e-afb0-7dcec903aa52] Processed batch 574: 100 new, 0 updated, 0 errors","timestamp":"2025-04-02T19:26:53.656Z"}
{"level":"info","message":"[Job 55cd7877-551e-457e-afb0-7dcec903aa52] Processed batch 575: 100 new, 0 updated, 0 errors","timestamp":"2025-04-02T19:26:53.681Z"}
{"level":"info","message":"[Job 55cd7877-551e-457e-afb0-7dcec903aa52] Processed batch 576: 100 new, 0 updated, 0 errors","timestamp":"2025-04-02T19:26:53.751Z"}
{"level":"info","message":"[Job 55cd7877-551e-457e-afb0-7dcec903aa52] Processed batch 577: 100 new, 0 updated, 0 errors","timestamp":"2025-04-02T19:26:53.819Z"}
{"level":"info","message":"[Job 55cd7877-551e-457e-afb0-7dcec903aa52] Processed batch 578: 100 new, 0 updated, 0 errors","timestamp":"2025-04-02T19:26:53.867Z"}
{"level":"info","message":"[Job 55cd7877-551e-457e-afb0-7dcec903aa52] Processed batch 579: 100 new, 0 updated, 0 errors","timestamp":"2025-04-02T19:26:53.905Z"}
{"level":"info","message":"[Job 55cd7877-551e-457e-afb0-7dcec903aa52] Processed batch 580: 100 new, 0 updated, 0 errors","timestamp":"2025-04-02T19:26:53.930Z"}
{"level":"info","message":"[Job 55cd7877-551e-457e-afb0-7dcec903aa52] Processed batch 581: 100 new, 0 updated, 0 errors","timestamp":"2025-04-02T19:26:53.957Z"}
{"level":"info","message":"[Job 55cd7877-551e-457e-afb0-7dcec903aa52] Processed batch 582: 100 new, 0 updated, 0 errors","timestamp":"2025-04-02T19:26:53.990Z"}
{"level":"info","message":"[Job 55cd7877-551e-457e-afb0-7dcec903aa52] Processed batch 583: 100 new, 0 updated, 0 errors","timestamp":"2025-04-02T19:26:54.025Z"}
{"level":"info","message":"[Job 55cd7877-551e-457e-afb0-7dcec903aa52] Processed batch 584: 100 new, 0 updated, 0 errors","timestamp":"2025-04-02T19:26:54.047Z"}
{"level":"info","message":"[Job 55cd7877-551e-457e-afb0-7dcec903aa52] Processed batch 585: 100 new, 0 updated, 0 errors","timestamp":"2025-04-02T19:26:54.071Z"}
{"level":"info","message":"[Job 55cd7877-551e-457e-afb0-7dcec903aa52] Processed batch 586: 100 new, 0 updated, 0 errors","timestamp":"2025-04-02T19:26:54.093Z"}
{"level":"info","message":"[Job 55cd7877-551e-457e-afb0-7dcec903aa52] Processed batch 587: 100 new, 0 updated, 0 errors","timestamp":"2025-04-02T19:26:54.114Z"}
{"level":"info","message":"[Job 55cd7877-551e-457e-afb0-7dcec903aa52] Processed batch 588: 100 new, 0 updated, 0 errors","timestamp":"2025-04-02T19:26:54.139Z"}
{"level":"info","message":"[Job 55cd7877-551e-457e-afb0-7dcec903aa52] Processed batch 589: 99 new, 1 updated, 0 errors","timestamp":"2025-04-02T19:26:54.167Z"}
{"level":"info","message":"[Job 55cd7877-551e-457e-afb0-7dcec903aa52] Processed batch 590: 100 new, 0 updated, 0 errors","timestamp":"2025-04-02T19:26:54.194Z"}
{"level":"info","message":"[Job 55cd7877-551e-457e-afb0-7dcec903aa52] Processed batch 591: 100 new, 0 updated, 0 errors","timestamp":"2025-04-02T19:26:54.241Z"}
{"level":"info","message":"[Job 55cd7877-551e-457e-afb0-7dcec903aa52] Processed batch 592: 100 new, 0 updated, 0 errors","timestamp":"2025-04-02T19:26:54.263Z"}
{"level":"info","message":"[Job 55cd7877-551e-457e-afb0-7dcec903aa52] Processed batch 593: 100 new, 0 updated, 0 errors","timestamp":"2025-04-02T19:26:54.285Z"}
{"level":"info","message":"[Job 55cd7877-551e-457e-afb0-7dcec903aa52] Processed batch 594: 100 new, 0 updated, 0 errors","timestamp":"2025-04-02T19:26:54.308Z"}
{"level":"info","message":"[Job 55cd7877-551e-457e-afb0-7dcec903aa52] Processed batch 595: 100 new, 0 updated, 0 errors","timestamp":"2025-04-02T19:26:54.334Z"}
{"level":"info","message":"[Job 55cd7877-551e-457e-afb0-7dcec903aa52] Processed batch 596: 100 new, 0 updated, 0 errors","timestamp":"2025-04-02T19:26:54.355Z"}
{"level":"info","message":"[Job 55cd7877-551e-457e-afb0-7dcec903aa52] Processed batch 597: 100 new, 0 updated, 0 errors","timestamp":"2025-04-02T19:26:54.387Z"}
{"level":"info","message":"[Job 55cd7877-551e-457e-afb0-7dcec903aa52] Processed batch 598: 100 new, 0 updated, 0 errors","timestamp":"2025-04-02T19:26:54.418Z"}
{"level":"info","message":"[Job 55cd7877-551e-457e-afb0-7dcec903aa52] Processed batch 599: 100 new, 0 updated, 0 errors","timestamp":"2025-04-02T19:26:54.444Z"}
{"level":"info","message":"[Job 55cd7877-551e-457e-afb0-7dcec903aa52] Processed batch 600: 100 new, 0 updated, 0 errors","timestamp":"2025-04-02T19:26:54.472Z"}
{"level":"info","message":"[Job 55cd7877-551e-457e-afb0-7dcec903aa52] Processed batch 601: 100 new, 0 updated, 0 errors","timestamp":"2025-04-02T19:26:54.494Z"}
{"level":"info","message":"[Job 55cd7877-551e-457e-afb0-7dcec903aa52] Processed batch 602: 100 new, 0 updated, 0 errors","timestamp":"2025-04-02T19:26:54.516Z"}
{"level":"info","message":"[Job 55cd7877-551e-457e-afb0-7dcec903aa52] Processed batch 603: 100 new, 0 updated, 0 errors","timestamp":"2025-04-02T19:26:54.540Z"}
{"level":"info","message":"[Job 55cd7877-551e-457e-afb0-7dcec903aa52] Processed batch 604: 100 new, 0 updated, 0 errors","timestamp":"2025-04-02T19:26:54.562Z"}
{"level":"info","message":"[Job 55cd7877-551e-457e-afb0-7dcec903aa52] Processed batch 605: 100 new, 0 updated, 0 errors","timestamp":"2025-04-02T19:26:54.583Z"}
{"level":"info","message":"[Job 55cd7877-551e-457e-afb0-7dcec903aa52] Processed batch 606: 100 new, 0 updated, 0 errors","timestamp":"2025-04-02T19:26:54.624Z"}
{"level":"info","message":"[Job 55cd7877-551e-457e-afb0-7dcec903aa52] Processed batch 607: 100 new, 0 updated, 0 errors","timestamp":"2025-04-02T19:26:54.645Z"}
{"level":"info","message":"[Job 55cd7877-551e-457e-afb0-7dcec903aa52] Processed batch 608: 100 new, 0 updated, 0 errors","timestamp":"2025-04-02T19:26:54.666Z"}
{"level":"info","message":"[Job 55cd7877-551e-457e-afb0-7dcec903aa52] Processed batch 609: 100 new, 0 updated, 0 errors","timestamp":"2025-04-02T19:26:54.702Z"}
{"level":"info","message":"[Job 55cd7877-551e-457e-afb0-7dcec903aa52] Processed batch 610: 100 new, 0 updated, 0 errors","timestamp":"2025-04-02T19:26:54.723Z"}
{"level":"info","message":"[Job 55cd7877-551e-457e-afb0-7dcec903aa52] Processed batch 611: 100 new, 0 updated, 0 errors","timestamp":"2025-04-02T19:26:54.744Z"}
{"level":"info","message":"[Job 55cd7877-551e-457e-afb0-7dcec903aa52] Processed batch 612: 100 new, 0 updated, 0 errors","timestamp":"2025-04-02T19:26:54.764Z"}
{"level":"info","message":"[Job 55cd7877-551e-457e-afb0-7dcec903aa52] Processed batch 613: 100 new, 0 updated, 0 errors","timestamp":"2025-04-02T19:26:54.786Z"}
{"level":"info","message":"[Job 55cd7877-551e-457e-afb0-7dcec903aa52] Processed batch 614: 100 new, 0 updated, 0 errors","timestamp":"2025-04-02T19:26:54.807Z"}
{"level":"info","message":"[Job 55cd7877-551e-457e-afb0-7dcec903aa52] Processed batch 615: 100 new, 0 updated, 0 errors","timestamp":"2025-04-02T19:26:54.828Z"}
{"level":"info","message":"[Job 55cd7877-551e-457e-afb0-7dcec903aa52] Processed batch 616: 100 new, 0 updated, 0 errors","timestamp":"2025-04-02T19:26:54.851Z"}
{"level":"info","message":"[Job 55cd7877-551e-457e-afb0-7dcec903aa52] Processed batch 617: 100 new, 0 updated, 0 errors","timestamp":"2025-04-02T19:26:54.880Z"}
{"level":"info","message":"[Job 55cd7877-551e-457e-afb0-7dcec903aa52] Processed batch 618: 100 new, 0 updated, 0 errors","timestamp":"2025-04-02T19:26:54.901Z"}
{"level":"info","message":"[Job 55cd7877-551e-457e-afb0-7dcec903aa52] Processed batch 619: 100 new, 0 updated, 0 errors","timestamp":"2025-04-02T19:26:54.922Z"}
{"level":"info","message":"[Job 55cd7877-551e-457e-afb0-7dcec903aa52] Processed batch 620: 100 new, 0 updated, 0 errors","timestamp":"2025-04-02T19:26:54.945Z"}
{"level":"info","message":"[Job 55cd7877-551e-457e-afb0-7dcec903aa52] Processed batch 621: 100 new, 0 updated, 0 errors","timestamp":"2025-04-02T19:26:54.983Z"}
{"level":"info","message":"[Job 55cd7877-551e-457e-afb0-7dcec903aa52] Processed batch 622: 100 new, 0 updated, 0 errors","timestamp":"2025-04-02T19:26:55.007Z"}
{"level":"info","message":"[Job 55cd7877-551e-457e-afb0-7dcec903aa52] Processed batch 623: 100 new, 0 updated, 0 errors","timestamp":"2025-04-02T19:26:55.030Z"}
{"level":"info","message":"[Job 55cd7877-551e-457e-afb0-7dcec903aa52] Processed batch 624: 100 new, 0 updated, 0 errors","timestamp":"2025-04-02T19:26:55.052Z"}
{"level":"info","message":"[Job 55cd7877-551e-457e-afb0-7dcec903aa52] Processed batch 625: 100 new, 0 updated, 0 errors","timestamp":"2025-04-02T19:26:55.074Z"}
{"level":"info","message":"[Job 55cd7877-551e-457e-afb0-7dcec903aa52] Processed batch 626: 100 new, 0 updated, 0 errors","timestamp":"2025-04-02T19:26:55.100Z"}
{"level":"info","message":"[Job 55cd7877-551e-457e-afb0-7dcec903aa52] Processed batch 627: 100 new, 0 updated, 0 errors","timestamp":"2025-04-02T19:26:55.127Z"}
{"level":"info","message":"[Job 55cd7877-551e-457e-afb0-7dcec903aa52] Processed batch 628: 100 new, 0 updated, 0 errors","timestamp":"2025-04-02T19:26:55.153Z"}
{"level":"info","message":"[Job 55cd7877-551e-457e-afb0-7dcec903aa52] Processed batch 629: 100 new, 0 updated, 0 errors","timestamp":"2025-04-02T19:26:55.183Z"}
{"level":"info","message":"[Job 55cd7877-551e-457e-afb0-7dcec903aa52] Processed batch 630: 100 new, 0 updated, 0 errors","timestamp":"2025-04-02T19:26:55.210Z"}
{"level":"info","message":"[Job 55cd7877-551e-457e-afb0-7dcec903aa52] Processed batch 631: 100 new, 0 updated, 0 errors","timestamp":"2025-04-02T19:26:55.242Z"}
{"level":"info","message":"[Job 55cd7877-551e-457e-afb0-7dcec903aa52] Processed batch 632: 100 new, 0 updated, 0 errors","timestamp":"2025-04-02T19:26:55.270Z"}
{"level":"info","message":"[Job 55cd7877-551e-457e-afb0-7dcec903aa52] Processed batch 633: 100 new, 0 updated, 0 errors","timestamp":"2025-04-02T19:26:55.300Z"}
{"level":"info","message":"[Job 55cd7877-551e-457e-afb0-7dcec903aa52] Processed batch 634: 100 new, 0 updated, 0 errors","timestamp":"2025-04-02T19:26:55.324Z"}
{"level":"info","message":"[Job 55cd7877-551e-457e-afb0-7dcec903aa52] Processed batch 635: 100 new, 0 updated, 0 errors","timestamp":"2025-04-02T19:26:55.353Z"}
{"level":"info","message":"[Job 55cd7877-551e-457e-afb0-7dcec903aa52] Processed batch 636: 99 new, 1 updated, 0 errors","timestamp":"2025-04-02T19:26:55.399Z"}
{"level":"info","message":"[Job 55cd7877-551e-457e-afb0-7dcec903aa52] Processed batch 637: 100 new, 0 updated, 0 errors","timestamp":"2025-04-02T19:26:55.421Z"}
{"level":"info","message":"[Job 55cd7877-551e-457e-afb0-7dcec903aa52] Processed batch 638: 100 new, 0 updated, 0 errors","timestamp":"2025-04-02T19:26:55.445Z"}
{"level":"info","message":"[Job 55cd7877-551e-457e-afb0-7dcec903aa52] Processed batch 639: 100 new, 0 updated, 0 errors","timestamp":"2025-04-02T19:26:55.470Z"}
{"level":"info","message":"[Job 55cd7877-551e-457e-afb0-7dcec903aa52] Processed batch 640: 99 new, 1 updated, 0 errors","timestamp":"2025-04-02T19:26:55.494Z"}
{"level":"info","message":"[Job 55cd7877-551e-457e-afb0-7dcec903aa52] Processed batch 641: 100 new, 0 updated, 0 errors","timestamp":"2025-04-02T19:26:55.514Z"}
{"level":"info","message":"[Job 55cd7877-551e-457e-afb0-7dcec903aa52] Processed batch 642: 100 new, 0 updated, 0 errors","timestamp":"2025-04-02T19:26:55.535Z"}
{"level":"info","message":"[Job 55cd7877-551e-457e-afb0-7dcec903aa52] Processed batch 643: 100 new, 0 updated, 0 errors","timestamp":"2025-04-02T19:26:55.555Z"}
{"level":"info","message":"[Job 55cd7877-551e-457e-afb0-7dcec903aa52] Processed batch 644: 100 new, 0 updated, 0 errors","timestamp":"2025-04-02T19:26:55.582Z"}
{"level":"info","message":"[Job 55cd7877-551e-457e-afb0-7dcec903aa52] Processed batch 645: 100 new, 0 updated, 0 errors","timestamp":"2025-04-02T19:26:55.609Z"}
{"level":"info","message":"[Job 55cd7877-551e-457e-afb0-7dcec903aa52] Processed batch 646: 100 new, 0 updated, 0 errors","timestamp":"2025-04-02T19:26:55.631Z"}
{"level":"info","message":"[Job 55cd7877-551e-457e-afb0-7dcec903aa52] Processed batch 647: 100 new, 0 updated, 0 errors","timestamp":"2025-04-02T19:26:55.650Z"}
{"level":"info","message":"[Job 55cd7877-551e-457e-afb0-7dcec903aa52] Processed batch 648: 100 new, 0 updated, 0 errors","timestamp":"2025-04-02T19:26:55.672Z"}
{"level":"info","message":"[Job 55cd7877-551e-457e-afb0-7dcec903aa52] Processed batch 649: 100 new, 0 updated, 0 errors","timestamp":"2025-04-02T19:26:55.693Z"}
{"level":"info","message":"[Job 55cd7877-551e-457e-afb0-7dcec903aa52] Processed batch 650: 100 new, 0 updated, 0 errors","timestamp":"2025-04-02T19:26:55.719Z"}
{"level":"info","message":"[Job 55cd7877-551e-457e-afb0-7dcec903aa52] Processed batch 651: 100 new, 0 updated, 0 errors","timestamp":"2025-04-02T19:26:55.762Z"}
{"level":"info","message":"[Job 55cd7877-551e-457e-afb0-7dcec903aa52] Processed batch 652: 100 new, 0 updated, 0 errors","timestamp":"2025-04-02T19:26:55.785Z"}
{"level":"info","message":"[Job 55cd7877-551e-457e-afb0-7dcec903aa52] Processed batch 653: 100 new, 0 updated, 0 errors","timestamp":"2025-04-02T19:26:55.811Z"}
{"level":"info","message":"[Job 55cd7877-551e-457e-afb0-7dcec903aa52] Processed batch 654: 100 new, 0 updated, 0 errors","timestamp":"2025-04-02T19:26:55.833Z"}
{"level":"info","message":"[Job 55cd7877-551e-457e-afb0-7dcec903aa52] Processed batch 655: 100 new, 0 updated, 0 errors","timestamp":"2025-04-02T19:26:55.856Z"}
{"level":"info","message":"[Job 55cd7877-551e-457e-afb0-7dcec903aa52] Processed batch 656: 100 new, 0 updated, 0 errors","timestamp":"2025-04-02T19:26:55.878Z"}
{"level":"info","message":"[Job 55cd7877-551e-457e-afb0-7dcec903aa52] Processed batch 657: 100 new, 0 updated, 0 errors","timestamp":"2025-04-02T19:26:55.901Z"}
{"level":"info","message":"[Job 55cd7877-551e-457e-afb0-7dcec903aa52] Processed batch 658: 100 new, 0 updated, 0 errors","timestamp":"2025-04-02T19:26:55.921Z"}
{"level":"info","message":"[Job 55cd7877-551e-457e-afb0-7dcec903aa52] Processed batch 659: 100 new, 0 updated, 0 errors","timestamp":"2025-04-02T19:26:55.942Z"}
{"level":"info","message":"[Job 55cd7877-551e-457e-afb0-7dcec903aa52] Processed batch 660: 100 new, 0 updated, 0 errors","timestamp":"2025-04-02T19:26:55.963Z"}
{"level":"info","message":"[Job 55cd7877-551e-457e-afb0-7dcec903aa52] Processed batch 661: 100 new, 0 updated, 0 errors","timestamp":"2025-04-02T19:26:55.983Z"}
{"level":"info","message":"[Job 55cd7877-551e-457e-afb0-7dcec903aa52] Processed batch 662: 100 new, 0 updated, 0 errors","timestamp":"2025-04-02T19:26:56.004Z"}
{"level":"info","message":"[Job 55cd7877-551e-457e-afb0-7dcec903aa52] Processed batch 663: 100 new, 0 updated, 0 errors","timestamp":"2025-04-02T19:26:56.031Z"}
{"level":"info","message":"[Job 55cd7877-551e-457e-afb0-7dcec903aa52] Processed batch 664: 100 new, 0 updated, 0 errors","timestamp":"2025-04-02T19:26:56.053Z"}
{"level":"info","message":"[Job 55cd7877-551e-457e-afb0-7dcec903aa52] Processed batch 665: 100 new, 0 updated, 0 errors","timestamp":"2025-04-02T19:26:56.075Z"}
{"level":"info","message":"[Job 55cd7877-551e-457e-afb0-7dcec903aa52] Processed batch 666: 100 new, 0 updated, 0 errors","timestamp":"2025-04-02T19:26:56.096Z"}
{"level":"info","message":"[Job 55cd7877-551e-457e-afb0-7dcec903aa52] Processed batch 667: 100 new, 0 updated, 0 errors","timestamp":"2025-04-02T19:26:56.145Z"}
{"level":"info","message":"[Job 55cd7877-551e-457e-afb0-7dcec903aa52] Processed batch 668: 100 new, 0 updated, 0 errors","timestamp":"2025-04-02T19:26:56.189Z"}
{"level":"info","message":"GET /api/properties?page=1&limit=20","timestamp":"2025-04-02T19:26:56.221Z"}
{"level":"info","message":"[Job 55cd7877-551e-457e-afb0-7dcec903aa52] Processed batch 669: 100 new, 0 updated, 0 errors","timestamp":"2025-04-02T19:26:56.243Z"}
{"level":"info","message":"[Job 55cd7877-551e-457e-afb0-7dcec903aa52] Processed batch 670: 100 new, 0 updated, 0 errors","timestamp":"2025-04-02T19:26:56.275Z"}
{"level":"info","message":"[Job 55cd7877-551e-457e-afb0-7dcec903aa52] Processed batch 671: 100 new, 0 updated, 0 errors","timestamp":"2025-04-02T19:26:56.304Z"}
{"level":"info","message":"[Job 55cd7877-551e-457e-afb0-7dcec903aa52] Processed batch 672: 100 new, 0 updated, 0 errors","timestamp":"2025-04-02T19:26:56.340Z"}
{"level":"info","message":"[Job 55cd7877-551e-457e-afb0-7dcec903aa52] Processed batch 673: 100 new, 0 updated, 0 errors","timestamp":"2025-04-02T19:26:56.370Z"}
{"level":"info","message":"[Job 55cd7877-551e-457e-afb0-7dcec903aa52] Processed batch 674: 100 new, 0 updated, 0 errors","timestamp":"2025-04-02T19:26:56.403Z"}
{"level":"info","message":"[Job 55cd7877-551e-457e-afb0-7dcec903aa52] Processed batch 675: 100 new, 0 updated, 0 errors","timestamp":"2025-04-02T19:26:56.432Z"}
{"level":"info","message":"[Job 55cd7877-551e-457e-afb0-7dcec903aa52] Processed batch 676: 100 new, 0 updated, 0 errors","timestamp":"2025-04-02T19:26:56.458Z"}
{"level":"info","message":"[Job 55cd7877-551e-457e-afb0-7dcec903aa52] Processed batch 677: 100 new, 0 updated, 0 errors","timestamp":"2025-04-02T19:26:56.483Z"}
{"level":"info","message":"[Job 55cd7877-551e-457e-afb0-7dcec903aa52] Processed batch 678: 100 new, 0 updated, 0 errors","timestamp":"2025-04-02T19:26:56.504Z"}
{"level":"info","message":"[Job 55cd7877-551e-457e-afb0-7dcec903aa52] Processed batch 679: 100 new, 0 updated, 0 errors","timestamp":"2025-04-02T19:26:56.525Z"}
{"level":"info","message":"[Job 55cd7877-551e-457e-afb0-7dcec903aa52] Processed batch 680: 100 new, 0 updated, 0 errors","timestamp":"2025-04-02T19:26:56.545Z"}
{"level":"info","message":"[Job 55cd7877-551e-457e-afb0-7dcec903aa52] Processed batch 681: 100 new, 0 updated, 0 errors","timestamp":"2025-04-02T19:26:56.564Z"}
{"level":"info","message":"[Job 55cd7877-551e-457e-afb0-7dcec903aa52] Processed batch 682: 100 new, 0 updated, 0 errors","timestamp":"2025-04-02T19:26:56.604Z"}
{"level":"info","message":"[Job 55cd7877-551e-457e-afb0-7dcec903aa52] Processed batch 683: 100 new, 0 updated, 0 errors","timestamp":"2025-04-02T19:26:56.627Z"}
{"level":"info","message":"[Job 55cd7877-551e-457e-afb0-7dcec903aa52] Processed batch 684: 100 new, 0 updated, 0 errors","timestamp":"2025-04-02T19:26:56.654Z"}
{"level":"info","message":"[Job 55cd7877-551e-457e-afb0-7dcec903aa52] Processed batch 685: 100 new, 0 updated, 0 errors","timestamp":"2025-04-02T19:26:56.686Z"}
{"level":"info","message":"[Job 55cd7877-551e-457e-afb0-7dcec903aa52] Processed batch 686: 100 new, 0 updated, 0 errors","timestamp":"2025-04-02T19:26:56.716Z"}
{"level":"info","message":"[Job 55cd7877-551e-457e-afb0-7dcec903aa52] Processed batch 687: 100 new, 0 updated, 0 errors","timestamp":"2025-04-02T19:26:56.742Z"}
{"level":"info","message":"[Job 55cd7877-551e-457e-afb0-7dcec903aa52] Processed batch 688: 100 new, 0 updated, 0 errors","timestamp":"2025-04-02T19:26:56.797Z"}
{"level":"info","message":"[Job 55cd7877-551e-457e-afb0-7dcec903aa52] Processed batch 689: 100 new, 0 updated, 0 errors","timestamp":"2025-04-02T19:26:56.819Z"}
{"level":"info","message":"[Job 55cd7877-551e-457e-afb0-7dcec903aa52] Processed batch 690: 100 new, 0 updated, 0 errors","timestamp":"2025-04-02T19:26:56.842Z"}
{"level":"info","message":"[Job 55cd7877-551e-457e-afb0-7dcec903aa52] Processed batch 691: 100 new, 0 updated, 0 errors","timestamp":"2025-04-02T19:26:56.867Z"}
{"level":"info","message":"[Job 55cd7877-551e-457e-afb0-7dcec903aa52] Processed batch 692: 100 new, 0 updated, 0 errors","timestamp":"2025-04-02T19:26:56.889Z"}
{"level":"info","message":"[Job 55cd7877-551e-457e-afb0-7dcec903aa52] Processed batch 693: 100 new, 0 updated, 0 errors","timestamp":"2025-04-02T19:26:56.916Z"}
{"level":"info","message":"[Job 55cd7877-551e-457e-afb0-7dcec903aa52] Processed batch 694: 100 new, 0 updated, 0 errors","timestamp":"2025-04-02T19:26:56.941Z"}
{"level":"info","message":"[Job 55cd7877-551e-457e-afb0-7dcec903aa52] Processed batch 695: 100 new, 0 updated, 0 errors","timestamp":"2025-04-02T19:26:56.984Z"}
{"level":"info","message":"[Job 55cd7877-551e-457e-afb0-7dcec903aa52] Processed batch 696: 100 new, 0 updated, 0 errors","timestamp":"2025-04-02T19:26:57.017Z"}
{"level":"info","message":"[Job 55cd7877-551e-457e-afb0-7dcec903aa52] Processed batch 697: 100 new, 0 updated, 0 errors","timestamp":"2025-04-02T19:26:57.061Z"}
{"level":"info","message":"[Job 55cd7877-551e-457e-afb0-7dcec903aa52] Processed batch 698: 100 new, 0 updated, 0 errors","timestamp":"2025-04-02T19:26:57.086Z"}
{"level":"info","message":"[Job 55cd7877-551e-457e-afb0-7dcec903aa52] Processed batch 699: 100 new, 0 updated, 0 errors","timestamp":"2025-04-02T19:26:57.131Z"}
{"level":"info","message":"[Job 55cd7877-551e-457e-afb0-7dcec903aa52] Processed batch 700: 100 new, 0 updated, 0 errors","timestamp":"2025-04-02T19:26:57.160Z"}
{"level":"info","message":"[Job 55cd7877-551e-457e-afb0-7dcec903aa52] Processed batch 701: 100 new, 0 updated, 0 errors","timestamp":"2025-04-02T19:26:57.188Z"}
{"level":"info","message":"[Job 55cd7877-551e-457e-afb0-7dcec903aa52] Processed batch 702: 100 new, 0 updated, 0 errors","timestamp":"2025-04-02T19:26:57.215Z"}
{"level":"info","message":"[Job 55cd7877-551e-457e-afb0-7dcec903aa52] Processed batch 703: 100 new, 0 updated, 0 errors","timestamp":"2025-04-02T19:26:57.238Z"}
{"level":"info","message":"[Job 55cd7877-551e-457e-afb0-7dcec903aa52] Processed batch 704: 100 new, 0 updated, 0 errors","timestamp":"2025-04-02T19:26:57.262Z"}
{"level":"info","message":"[Job 55cd7877-551e-457e-afb0-7dcec903aa52] Processed batch 705: 100 new, 0 updated, 0 errors","timestamp":"2025-04-02T19:26:57.284Z"}
{"level":"info","message":"[Job 55cd7877-551e-457e-afb0-7dcec903aa52] Processed batch 706: 100 new, 0 updated, 0 errors","timestamp":"2025-04-02T19:26:57.308Z"}
{"level":"info","message":"[Job 55cd7877-551e-457e-afb0-7dcec903aa52] Processed batch 707: 100 new, 0 updated, 0 errors","timestamp":"2025-04-02T19:26:57.339Z"}
{"level":"info","message":"[Job 55cd7877-551e-457e-afb0-7dcec903aa52] Processed batch 708: 100 new, 0 updated, 0 errors","timestamp":"2025-04-02T19:26:57.382Z"}
{"level":"info","message":"[Job 55cd7877-551e-457e-afb0-7dcec903aa52] Processed batch 709: 100 new, 0 updated, 0 errors","timestamp":"2025-04-02T19:26:57.403Z"}
{"level":"info","message":"[Job 55cd7877-551e-457e-afb0-7dcec903aa52] Processed batch 710: 100 new, 0 updated, 0 errors","timestamp":"2025-04-02T19:26:57.425Z"}
{"level":"info","message":"[Job 55cd7877-551e-457e-afb0-7dcec903aa52] Processed batch 711: 99 new, 1 updated, 0 errors","timestamp":"2025-04-02T19:26:57.468Z"}
{"level":"info","message":"[Job 55cd7877-551e-457e-afb0-7dcec903aa52] Processed batch 712: 100 new, 0 updated, 0 errors","timestamp":"2025-04-02T19:26:57.487Z"}
{"level":"info","message":"[Job 55cd7877-551e-457e-afb0-7dcec903aa52] Processed batch 713: 100 new, 0 updated, 0 errors","timestamp":"2025-04-02T19:26:57.508Z"}
{"level":"info","message":"[Job 55cd7877-551e-457e-afb0-7dcec903aa52] Processed batch 714: 100 new, 0 updated, 0 errors","timestamp":"2025-04-02T19:26:57.527Z"}
{"level":"info","message":"[Job 55cd7877-551e-457e-afb0-7dcec903aa52] Processed batch 715: 100 new, 0 updated, 0 errors","timestamp":"2025-04-02T19:26:57.549Z"}
{"level":"info","message":"[Job 55cd7877-551e-457e-afb0-7dcec903aa52] Processed batch 716: 100 new, 0 updated, 0 errors","timestamp":"2025-04-02T19:26:57.571Z"}
{"level":"info","message":"[Job 55cd7877-551e-457e-afb0-7dcec903aa52] Processed batch 717: 100 new, 0 updated, 0 errors","timestamp":"2025-04-02T19:26:57.592Z"}
{"level":"info","message":"[Job 55cd7877-551e-457e-afb0-7dcec903aa52] Processed batch 718: 100 new, 0 updated, 0 errors","timestamp":"2025-04-02T19:26:57.613Z"}
{"level":"info","message":"[Job 55cd7877-551e-457e-afb0-7dcec903aa52] Processed batch 719: 100 new, 0 updated, 0 errors","timestamp":"2025-04-02T19:26:57.637Z"}
{"level":"info","message":"[Job 55cd7877-551e-457e-afb0-7dcec903aa52] Processed batch 720: 100 new, 0 updated, 0 errors","timestamp":"2025-04-02T19:26:57.676Z"}
{"level":"info","message":"[Job 55cd7877-551e-457e-afb0-7dcec903aa52] Processed batch 721: 100 new, 0 updated, 0 errors","timestamp":"2025-04-02T19:26:57.697Z"}
{"level":"info","message":"[Job 55cd7877-551e-457e-afb0-7dcec903aa52] Processed batch 722: 100 new, 0 updated, 0 errors","timestamp":"2025-04-02T19:26:57.717Z"}
{"level":"info","message":"[Job 55cd7877-551e-457e-afb0-7dcec903aa52] Processed batch 723: 100 new, 0 updated, 0 errors","timestamp":"2025-04-02T19:26:57.736Z"}
{"level":"info","message":"[Job 55cd7877-551e-457e-afb0-7dcec903aa52] Processed batch 724: 100 new, 0 updated, 0 errors","timestamp":"2025-04-02T19:26:57.755Z"}
{"level":"info","message":"[Job 55cd7877-551e-457e-afb0-7dcec903aa52] Processed batch 725: 100 new, 0 updated, 0 errors","timestamp":"2025-04-02T19:26:57.775Z"}
{"level":"info","message":"[Job 55cd7877-551e-457e-afb0-7dcec903aa52] Processed batch 726: 100 new, 0 updated, 0 errors","timestamp":"2025-04-02T19:26:57.815Z"}
{"level":"info","message":"[Job 55cd7877-551e-457e-afb0-7dcec903aa52] Processed batch 727: 100 new, 0 updated, 0 errors","timestamp":"2025-04-02T19:26:57.843Z"}
{"level":"info","message":"[Job 55cd7877-551e-457e-afb0-7dcec903aa52] Processed batch 728: 100 new, 0 updated, 0 errors","timestamp":"2025-04-02T19:26:57.864Z"}
{"level":"info","message":"[Job 55cd7877-551e-457e-afb0-7dcec903aa52] Processed batch 729: 100 new, 0 updated, 0 errors","timestamp":"2025-04-02T19:26:57.885Z"}
{"level":"info","message":"[Job 55cd7877-551e-457e-afb0-7dcec903aa52] Processed batch 730: 100 new, 0 updated, 0 errors","timestamp":"2025-04-02T19:26:57.906Z"}
{"level":"info","message":"[Job 55cd7877-551e-457e-afb0-7dcec903aa52] Processed batch 731: 100 new, 0 updated, 0 errors","timestamp":"2025-04-02T19:26:57.930Z"}
{"level":"info","message":"[Job 55cd7877-551e-457e-afb0-7dcec903aa52] Processed batch 732: 100 new, 0 updated, 0 errors","timestamp":"2025-04-02T19:26:57.956Z"}
{"level":"info","message":"[Job 55cd7877-551e-457e-afb0-7dcec903aa52] Processed batch 733: 100 new, 0 updated, 0 errors","timestamp":"2025-04-02T19:26:57.982Z"}
{"level":"info","message":"[Job 55cd7877-551e-457e-afb0-7dcec903aa52] Processed batch 734: 100 new, 0 updated, 0 errors","timestamp":"2025-04-02T19:26:58.006Z"}
{"level":"info","message":"[Job 55cd7877-551e-457e-afb0-7dcec903aa52] Processed batch 735: 100 new, 0 updated, 0 errors","timestamp":"2025-04-02T19:26:58.035Z"}
{"level":"info","message":"[Job 55cd7877-551e-457e-afb0-7dcec903aa52] Processed batch 736: 100 new, 0 updated, 0 errors","timestamp":"2025-04-02T19:26:58.064Z"}
{"level":"info","message":"[Job 55cd7877-551e-457e-afb0-7dcec903aa52] Processed batch 737: 100 new, 0 updated, 0 errors","timestamp":"2025-04-02T19:26:58.085Z"}
{"level":"info","message":"[Job 55cd7877-551e-457e-afb0-7dcec903aa52] Processed batch 738: 100 new, 0 updated, 0 errors","timestamp":"2025-04-02T19:26:58.112Z"}
{"level":"info","message":"GET /api/stats/system","timestamp":"2025-04-02T19:26:58.703Z"}
{"level":"info","message":"GET /favicon.png","timestamp":"2025-04-02T19:26:58.721Z"}
{"level":"info","message":"[Job 55cd7877-551e-457e-afb0-7dcec903aa52] Processed batch 739: 100 new, 0 updated, 0 errors","timestamp":"2025-04-02T19:26:58.943Z"}
{"level":"info","message":"[Job 55cd7877-551e-457e-afb0-7dcec903aa52] Processed batch 740: 100 new, 0 updated, 0 errors","timestamp":"2025-04-02T19:26:59.095Z"}
{"level":"info","message":"[Job 55cd7877-551e-457e-afb0-7dcec903aa52] Processed batch 741: 100 new, 0 updated, 0 errors","timestamp":"2025-04-02T19:26:59.349Z"}
{"level":"info","message":"[Job 55cd7877-551e-457e-afb0-7dcec903aa52] Processed batch 742: 100 new, 0 updated, 0 errors","timestamp":"2025-04-02T19:26:59.391Z"}
{"level":"info","message":"[Job 55cd7877-551e-457e-afb0-7dcec903aa52] Processed batch 743: 100 new, 0 updated, 0 errors","timestamp":"2025-04-02T19:26:59.430Z"}
{"level":"info","message":"[Job 55cd7877-551e-457e-afb0-7dcec903aa52] Processed batch 744: 100 new, 0 updated, 0 errors","timestamp":"2025-04-02T19:26:59.484Z"}
{"level":"info","message":"[Job 55cd7877-551e-457e-afb0-7dcec903aa52] Processed batch 745: 100 new, 0 updated, 0 errors","timestamp":"2025-04-02T19:26:59.515Z"}
{"level":"info","message":"[Job 55cd7877-551e-457e-afb0-7dcec903aa52] Processed batch 746: 100 new, 0 updated, 0 errors","timestamp":"2025-04-02T19:26:59.549Z"}
{"level":"info","message":"[Job 55cd7877-551e-457e-afb0-7dcec903aa52] Processed batch 747: 100 new, 0 updated, 0 errors","timestamp":"2025-04-02T19:26:59.595Z"}
{"level":"info","message":"[Job 55cd7877-551e-457e-afb0-7dcec903aa52] Processed batch 748: 100 new, 0 updated, 0 errors","timestamp":"2025-04-02T19:26:59.648Z"}
{"level":"info","message":"[Job 55cd7877-551e-457e-afb0-7dcec903aa52] Processed batch 749: 100 new, 0 updated, 0 errors","timestamp":"2025-04-02T19:26:59.684Z"}
{"level":"info","message":"[Job 55cd7877-551e-457e-afb0-7dcec903aa52] Processed batch 750: 100 new, 0 updated, 0 errors","timestamp":"2025-04-02T19:26:59.822Z"}
{"level":"info","message":"[Job 55cd7877-551e-457e-afb0-7dcec903aa52] Processed batch 751: 100 new, 0 updated, 0 errors","timestamp":"2025-04-02T19:26:59.876Z"}
{"level":"info","message":"[Job 55cd7877-551e-457e-afb0-7dcec903aa52] Processed batch 752: 100 new, 0 updated, 0 errors","timestamp":"2025-04-02T19:26:59.928Z"}
{"level":"info","message":"[Job 55cd7877-551e-457e-afb0-7dcec903aa52] Processed batch 753: 100 new, 0 updated, 0 errors","timestamp":"2025-04-02T19:26:59.962Z"}
{"level":"info","message":"[Job 55cd7877-551e-457e-afb0-7dcec903aa52] Processed batch 754: 100 new, 0 updated, 0 errors","timestamp":"2025-04-02T19:27:00.018Z"}
{"level":"info","message":"[Job 55cd7877-551e-457e-afb0-7dcec903aa52] Processed batch 755: 100 new, 0 updated, 0 errors","timestamp":"2025-04-02T19:27:00.421Z"}
{"level":"info","message":"[Job 55cd7877-551e-457e-afb0-7dcec903aa52] Processed batch 756: 100 new, 0 updated, 0 errors","timestamp":"2025-04-02T19:27:00.507Z"}
{"level":"info","message":"[Job 55cd7877-551e-457e-afb0-7dcec903aa52] Processed batch 757: 100 new, 0 updated, 0 errors","timestamp":"2025-04-02T19:27:00.603Z"}
{"level":"info","message":"[Job 55cd7877-551e-457e-afb0-7dcec903aa52] Processed batch 758: 100 new, 0 updated, 0 errors","timestamp":"2025-04-02T19:27:00.673Z"}
{"level":"info","message":"[Job 55cd7877-551e-457e-afb0-7dcec903aa52] Processed batch 759: 100 new, 0 updated, 0 errors","timestamp":"2025-04-02T19:27:00.728Z"}
{"level":"info","message":"[Job 55cd7877-551e-457e-afb0-7dcec903aa52] Processed batch 760: 100 new, 0 updated, 0 errors","timestamp":"2025-04-02T19:27:00.770Z"}
{"level":"info","message":"[Job 55cd7877-551e-457e-afb0-7dcec903aa52] Processed batch 761: 100 new, 0 updated, 0 errors","timestamp":"2025-04-02T19:27:00.835Z"}
{"level":"info","message":"[Job 55cd7877-551e-457e-afb0-7dcec903aa52] Processed batch 762: 100 new, 0 updated, 0 errors","timestamp":"2025-04-02T19:27:00.882Z"}
{"level":"info","message":"[Job 55cd7877-551e-457e-afb0-7dcec903aa52] Processed batch 763: 100 new, 0 updated, 0 errors","timestamp":"2025-04-02T19:27:00.936Z"}
{"level":"info","message":"[Job 55cd7877-551e-457e-afb0-7dcec903aa52] Processed batch 764: 100 new, 0 updated, 0 errors","timestamp":"2025-04-02T19:27:00.981Z"}
{"level":"info","message":"[Job 55cd7877-551e-457e-afb0-7dcec903aa52] Processed batch 765: 100 new, 0 updated, 0 errors","timestamp":"2025-04-02T19:27:01.005Z"}
{"level":"info","message":"[Job 55cd7877-551e-457e-afb0-7dcec903aa52] Processed batch 766: 100 new, 0 updated, 0 errors","timestamp":"2025-04-02T19:27:01.033Z"}
{"level":"info","message":"[Job 55cd7877-551e-457e-afb0-7dcec903aa52] Processed batch 767: 100 new, 0 updated, 0 errors","timestamp":"2025-04-02T19:27:01.057Z"}
{"level":"info","message":"[Job 55cd7877-551e-457e-afb0-7dcec903aa52] Processed batch 768: 100 new, 0 updated, 0 errors","timestamp":"2025-04-02T19:27:01.085Z"}
{"level":"info","message":"[Job 55cd7877-551e-457e-afb0-7dcec903aa52] Processed batch 769: 100 new, 0 updated, 0 errors","timestamp":"2025-04-02T19:27:01.108Z"}
{"level":"info","message":"[Job 55cd7877-551e-457e-afb0-7dcec903aa52] Processed batch 770: 100 new, 0 updated, 0 errors","timestamp":"2025-04-02T19:27:01.383Z"}
{"level":"info","message":"[Job 55cd7877-551e-457e-afb0-7dcec903aa52] Processed batch 771: 100 new, 0 updated, 0 errors","timestamp":"2025-04-02T19:27:01.438Z"}
{"level":"info","message":"[Job 55cd7877-551e-457e-afb0-7dcec903aa52] Processed batch 772: 100 new, 0 updated, 0 errors","timestamp":"2025-04-02T19:27:02.101Z"}
{"level":"info","message":"[Job 55cd7877-551e-457e-afb0-7dcec903aa52] Processed batch 773: 100 new, 0 updated, 0 errors","timestamp":"2025-04-02T19:27:02.137Z"}
{"level":"info","message":"[Job 55cd7877-551e-457e-afb0-7dcec903aa52] Processed batch 774: 100 new, 0 updated, 0 errors","timestamp":"2025-04-02T19:27:02.168Z"}
{"level":"info","message":"[Job 55cd7877-551e-457e-afb0-7dcec903aa52] Processed batch 775: 100 new, 0 updated, 0 errors","timestamp":"2025-04-02T19:27:02.220Z"}
{"level":"info","message":"[Job 55cd7877-551e-457e-afb0-7dcec903aa52] Processed batch 776: 100 new, 0 updated, 0 errors","timestamp":"2025-04-02T19:27:02.282Z"}
{"level":"info","message":"[Job 55cd7877-551e-457e-afb0-7dcec903aa52] Processed batch 777: 100 new, 0 updated, 0 errors","timestamp":"2025-04-02T19:27:02.317Z"}
{"level":"info","message":"[Job 55cd7877-551e-457e-afb0-7dcec903aa52] Processed batch 778: 100 new, 0 updated, 0 errors","timestamp":"2025-04-02T19:27:02.348Z"}
{"level":"info","message":"[Job 55cd7877-551e-457e-afb0-7dcec903aa52] Processed batch 779: 100 new, 0 updated, 0 errors","timestamp":"2025-04-02T19:27:02.380Z"}
{"level":"info","message":"[Job 55cd7877-551e-457e-afb0-7dcec903aa52] Processed batch 780: 100 new, 0 updated, 0 errors","timestamp":"2025-04-02T19:27:02.411Z"}
{"level":"info","message":"[Job 55cd7877-551e-457e-afb0-7dcec903aa52] Processed batch 781: 100 new, 0 updated, 0 errors","timestamp":"2025-04-02T19:27:02.443Z"}
{"level":"info","message":"[Job 55cd7877-551e-457e-afb0-7dcec903aa52] Processed batch 782: 100 new, 0 updated, 0 errors","timestamp":"2025-04-02T19:27:02.470Z"}
{"level":"info","message":"[Job 55cd7877-551e-457e-afb0-7dcec903aa52] Processed batch 783: 100 new, 0 updated, 0 errors","timestamp":"2025-04-02T19:27:02.518Z"}
{"level":"info","message":"[Job 55cd7877-551e-457e-afb0-7dcec903aa52] Processed batch 784: 100 new, 0 updated, 0 errors","timestamp":"2025-04-02T19:27:02.542Z"}
{"level":"info","message":"[Job 55cd7877-551e-457e-afb0-7dcec903aa52] Processed batch 785: 100 new, 0 updated, 0 errors","timestamp":"2025-04-02T19:27:02.775Z"}
{"level":"info","message":"[Job 55cd7877-551e-457e-afb0-7dcec903aa52] Processed batch 786: 100 new, 0 updated, 0 errors","timestamp":"2025-04-02T19:27:02.805Z"}
{"level":"info","message":"[Job 55cd7877-551e-457e-afb0-7dcec903aa52] Processed batch 787: 100 new, 0 updated, 0 errors","timestamp":"2025-04-02T19:27:02.836Z"}
{"level":"info","message":"[Job 55cd7877-551e-457e-afb0-7dcec903aa52] Processed batch 788: 100 new, 0 updated, 0 errors","timestamp":"2025-04-02T19:27:02.871Z"}
{"level":"info","message":"[Job 55cd7877-551e-457e-afb0-7dcec903aa52] Processed batch 789: 100 new, 0 updated, 0 errors","timestamp":"2025-04-02T19:27:02.897Z"}
{"level":"info","message":"[Job 55cd7877-551e-457e-afb0-7dcec903aa52] Processed batch 790: 100 new, 0 updated, 0 errors","timestamp":"2025-04-02T19:27:02.924Z"}
{"level":"info","message":"[Job 55cd7877-551e-457e-afb0-7dcec903aa52] Processed batch 791: 100 new, 0 updated, 0 errors","timestamp":"2025-04-02T19:27:02.969Z"}
{"level":"info","message":"[Job 55cd7877-551e-457e-afb0-7dcec903aa52] Processed batch 792: 100 new, 0 updated, 0 errors","timestamp":"2025-04-02T19:27:03.000Z"}
{"level":"info","message":"[Job 55cd7877-551e-457e-afb0-7dcec903aa52] Processed batch 793: 100 new, 0 updated, 0 errors","timestamp":"2025-04-02T19:27:03.031Z"}
{"level":"info","message":"[Job 55cd7877-551e-457e-afb0-7dcec903aa52] Processed batch 794: 100 new, 0 updated, 0 errors","timestamp":"2025-04-02T19:27:03.062Z"}
{"level":"info","message":"[Job 55cd7877-551e-457e-afb0-7dcec903aa52] Processed batch 795: 100 new, 0 updated, 0 errors","timestamp":"2025-04-02T19:27:03.093Z"}
{"level":"info","message":"[Job 55cd7877-551e-457e-afb0-7dcec903aa52] Processed batch 796: 100 new, 0 updated, 0 errors","timestamp":"2025-04-02T19:27:03.125Z"}
{"level":"info","message":"[Job 55cd7877-551e-457e-afb0-7dcec903aa52] Processed batch 797: 100 new, 0 updated, 0 errors","timestamp":"2025-04-02T19:27:03.154Z"}
{"level":"info","message":"[Job 55cd7877-551e-457e-afb0-7dcec903aa52] Processed batch 798: 100 new, 0 updated, 0 errors","timestamp":"2025-04-02T19:27:03.193Z"}
{"level":"info","message":"[Job 55cd7877-551e-457e-afb0-7dcec903aa52] Processed batch 799: 99 new, 1 updated, 0 errors","timestamp":"2025-04-02T19:27:03.445Z"}
{"level":"info","message":"[Job 55cd7877-551e-457e-afb0-7dcec903aa52] Processed batch 800: 100 new, 0 updated, 0 errors","timestamp":"2025-04-02T19:27:03.493Z"}
{"level":"info","message":"[Job 55cd7877-551e-457e-afb0-7dcec903aa52] Processed batch 801: 100 new, 0 updated, 0 errors","timestamp":"2025-04-02T19:27:03.536Z"}
{"level":"info","message":"[Job 55cd7877-551e-457e-afb0-7dcec903aa52] Processed batch 802: 100 new, 0 updated, 0 errors","timestamp":"2025-04-02T19:27:04.017Z"}
{"level":"info","message":"[Job 55cd7877-551e-457e-afb0-7dcec903aa52] Processed batch 803: 100 new, 0 updated, 0 errors","timestamp":"2025-04-02T19:27:04.844Z"}
{"level":"info","message":"[Job 55cd7877-551e-457e-afb0-7dcec903aa52] Processed batch 804: 100 new, 0 updated, 0 errors","timestamp":"2025-04-02T19:27:04.894Z"}
{"level":"info","message":"[Job 55cd7877-551e-457e-afb0-7dcec903aa52] Processed batch 805: 100 new, 0 updated, 0 errors","timestamp":"2025-04-02T19:27:05.551Z"}
{"level":"info","message":"[Job 55cd7877-551e-457e-afb0-7dcec903aa52] Processed batch 806: 100 new, 0 updated, 0 errors","timestamp":"2025-04-02T19:27:06.072Z"}
{"level":"info","message":"[Job 55cd7877-551e-457e-afb0-7dcec903aa52] Processed batch 807: 100 new, 0 updated, 0 errors","timestamp":"2025-04-02T19:27:06.116Z"}
{"level":"info","message":"[Job 55cd7877-551e-457e-afb0-7dcec903aa52] Processed batch 808: 100 new, 0 updated, 0 errors","timestamp":"2025-04-02T19:27:06.164Z"}
{"level":"info","message":"[Job 55cd7877-551e-457e-afb0-7dcec903aa52] Processed batch 809: 100 new, 0 updated, 0 errors","timestamp":"2025-04-02T19:27:06.218Z"}
{"level":"info","message":"[Job 55cd7877-551e-457e-afb0-7dcec903aa52] Processed batch 810: 100 new, 0 updated, 0 errors","timestamp":"2025-04-02T19:27:06.279Z"}
{"level":"info","message":"[Job 55cd7877-551e-457e-afb0-7dcec903aa52] Processed batch 811: 100 new, 0 updated, 0 errors","timestamp":"2025-04-02T19:27:06.580Z"}
{"level":"info","message":"[Job 55cd7877-551e-457e-afb0-7dcec903aa52] Processed batch 812: 100 new, 0 updated, 0 errors","timestamp":"2025-04-02T19:27:06.769Z"}
{"level":"info","message":"[Job 55cd7877-551e-457e-afb0-7dcec903aa52] Processed batch 813: 100 new, 0 updated, 0 errors","timestamp":"2025-04-02T19:27:07.301Z"}
{"level":"info","message":"[Job 55cd7877-551e-457e-afb0-7dcec903aa52] Processed batch 814: 100 new, 0 updated, 0 errors","timestamp":"2025-04-02T19:27:07.602Z"}
{"level":"info","message":"[Job 55cd7877-551e-457e-afb0-7dcec903aa52] Processed batch 815: 100 new, 0 updated, 0 errors","timestamp":"2025-04-02T19:27:07.651Z"}
{"level":"info","message":"[Job 55cd7877-551e-457e-afb0-7dcec903aa52] Processed batch 816: 100 new, 0 updated, 0 errors","timestamp":"2025-04-02T19:27:07.881Z"}
{"level":"info","message":"[Job 55cd7877-551e-457e-afb0-7dcec903aa52] Processed batch 817: 100 new, 0 updated, 0 errors","timestamp":"2025-04-02T19:27:08.300Z"}
{"level":"info","message":"[Job 55cd7877-551e-457e-afb0-7dcec903aa52] Processed batch 818: 100 new, 0 updated, 0 errors","timestamp":"2025-04-02T19:27:08.521Z"}
{"level":"info","message":"[Job 55cd7877-551e-457e-afb0-7dcec903aa52] Processed batch 819: 100 new, 0 updated, 0 errors","timestamp":"2025-04-02T19:27:08.569Z"}
{"level":"info","message":"[Job 55cd7877-551e-457e-afb0-7dcec903aa52] Processed batch 820: 100 new, 0 updated, 0 errors","timestamp":"2025-04-02T19:27:08.632Z"}
{"level":"info","message":"[Job 55cd7877-551e-457e-afb0-7dcec903aa52] Processed batch 821: 100 new, 0 updated, 0 errors","timestamp":"2025-04-02T19:27:08.679Z"}
{"level":"info","message":"[Job 55cd7877-551e-457e-afb0-7dcec903aa52] Processed batch 822: 100 new, 0 updated, 0 errors","timestamp":"2025-04-02T19:27:08.725Z"}
{"level":"info","message":"[Job 55cd7877-551e-457e-afb0-7dcec903aa52] Processed batch 823: 100 new, 0 updated, 0 errors","timestamp":"2025-04-02T19:27:08.786Z"}
{"level":"info","message":"[Job 55cd7877-551e-457e-afb0-7dcec903aa52] Processed batch 824: 100 new, 0 updated, 0 errors","timestamp":"2025-04-02T19:27:08.836Z"}
{"level":"info","message":"[Job 55cd7877-551e-457e-afb0-7dcec903aa52] Processed batch 825: 100 new, 0 updated, 0 errors","timestamp":"2025-04-02T19:27:08.873Z"}
{"level":"info","message":"[Job 55cd7877-551e-457e-afb0-7dcec903aa52] Processed batch 826: 100 new, 0 updated, 0 errors","timestamp":"2025-04-02T19:27:08.955Z"}
{"level":"info","message":"[Job 55cd7877-551e-457e-afb0-7dcec903aa52] Processed batch 827: 100 new, 0 updated, 0 errors","timestamp":"2025-04-02T19:27:09.044Z"}
{"level":"info","message":"[Job 55cd7877-551e-457e-afb0-7dcec903aa52] Processed batch 828: 100 new, 0 updated, 0 errors","timestamp":"2025-04-02T19:27:09.326Z"}
{"level":"info","message":"[Job 55cd7877-551e-457e-afb0-7dcec903aa52] Processed batch 829: 100 new, 0 updated, 0 errors","timestamp":"2025-04-02T19:27:13.871Z"}
{"level":"info","message":"[Job 55cd7877-551e-457e-afb0-7dcec903aa52] Processed batch 830: 100 new, 0 updated, 0 errors","timestamp":"2025-04-02T19:27:13.962Z"}
{"level":"info","message":"[Job 55cd7877-551e-457e-afb0-7dcec903aa52] Processed batch 831: 100 new, 0 updated, 0 errors","timestamp":"2025-04-02T19:27:13.985Z"}
{"level":"info","message":"[Job 55cd7877-551e-457e-afb0-7dcec903aa52] Processed batch 832: 100 new, 0 updated, 0 errors","timestamp":"2025-04-02T19:27:14.010Z"}
{"level":"info","message":"[Job 55cd7877-551e-457e-afb0-7dcec903aa52] Processed batch 833: 100 new, 0 updated, 0 errors","timestamp":"2025-04-02T19:27:14.035Z"}
{"level":"info","message":"[Job 55cd7877-551e-457e-afb0-7dcec903aa52] Processed batch 834: 100 new, 0 updated, 0 errors","timestamp":"2025-04-02T19:27:14.068Z"}
{"level":"info","message":"[Job 55cd7877-551e-457e-afb0-7dcec903aa52] Processed batch 835: 100 new, 0 updated, 0 errors","timestamp":"2025-04-02T19:27:14.092Z"}
{"level":"info","message":"[Job 55cd7877-551e-457e-afb0-7dcec903aa52] Processed batch 836: 100 new, 0 updated, 0 errors","timestamp":"2025-04-02T19:27:14.118Z"}
{"level":"info","message":"[Job 55cd7877-551e-457e-afb0-7dcec903aa52] Processed batch 837: 100 new, 0 updated, 0 errors","timestamp":"2025-04-02T19:27:14.149Z"}
{"level":"info","message":"[Job 55cd7877-551e-457e-afb0-7dcec903aa52] Processed batch 838: 100 new, 0 updated, 0 errors","timestamp":"2025-04-02T19:27:14.177Z"}
{"level":"info","message":"[Job 55cd7877-551e-457e-afb0-7dcec903aa52] Processed batch 839: 100 new, 0 updated, 0 errors","timestamp":"2025-04-02T19:27:14.201Z"}
{"level":"info","message":"[Job 55cd7877-551e-457e-afb0-7dcec903aa52] Processed batch 840: 100 new, 0 updated, 0 errors","timestamp":"2025-04-02T19:27:14.226Z"}
{"level":"info","message":"[Job 55cd7877-551e-457e-afb0-7dcec903aa52] Processed batch 841: 100 new, 0 updated, 0 errors","timestamp":"2025-04-02T19:27:14.251Z"}
{"level":"info","message":"[Job 55cd7877-551e-457e-afb0-7dcec903aa52] Processed batch 842: 100 new, 0 updated, 0 errors","timestamp":"2025-04-02T19:27:14.279Z"}
{"level":"info","message":"[Job 55cd7877-551e-457e-afb0-7dcec903aa52] Processed batch 843: 100 new, 0 updated, 0 errors","timestamp":"2025-04-02T19:27:14.301Z"}
{"level":"info","message":"[Job 55cd7877-551e-457e-afb0-7dcec903aa52] Processed batch 844: 100 new, 0 updated, 0 errors","timestamp":"2025-04-02T19:27:14.348Z"}
{"level":"info","message":"[Job 55cd7877-551e-457e-afb0-7dcec903aa52] Processed batch 845: 100 new, 0 updated, 0 errors","timestamp":"2025-04-02T19:27:14.382Z"}
{"level":"info","message":"[Job 55cd7877-551e-457e-afb0-7dcec903aa52] Processed batch 846: 100 new, 0 updated, 0 errors","timestamp":"2025-04-02T19:27:14.409Z"}
{"level":"info","message":"[Job 55cd7877-551e-457e-afb0-7dcec903aa52] Processed batch 847: 100 new, 0 updated, 0 errors","timestamp":"2025-04-02T19:27:14.433Z"}
{"level":"info","message":"[Job 55cd7877-551e-457e-afb0-7dcec903aa52] Processed batch 848: 100 new, 0 updated, 0 errors","timestamp":"2025-04-02T19:27:14.459Z"}
{"level":"info","message":"[Job 55cd7877-551e-457e-afb0-7dcec903aa52] Processed batch 849: 100 new, 0 updated, 0 errors","timestamp":"2025-04-02T19:27:14.483Z"}
{"level":"info","message":"[Job 55cd7877-551e-457e-afb0-7dcec903aa52] Processed batch 850: 100 new, 0 updated, 0 errors","timestamp":"2025-04-02T19:27:14.505Z"}
{"level":"info","message":"[Job 55cd7877-551e-457e-afb0-7dcec903aa52] Processed batch 851: 100 new, 0 updated, 0 errors","timestamp":"2025-04-02T19:27:14.529Z"}
{"level":"info","message":"[Job 55cd7877-551e-457e-afb0-7dcec903aa52] Processed batch 852: 100 new, 0 updated, 0 errors","timestamp":"2025-04-02T19:27:14.552Z"}
{"level":"info","message":"[Job 55cd7877-551e-457e-afb0-7dcec903aa52] Processed batch 853: 100 new, 0 updated, 0 errors","timestamp":"2025-04-02T19:27:14.578Z"}
{"level":"info","message":"[Job 55cd7877-551e-457e-afb0-7dcec903aa52] Processed batch 854: 100 new, 0 updated, 0 errors","timestamp":"2025-04-02T19:27:14.601Z"}
{"level":"info","message":"[Job 55cd7877-551e-457e-afb0-7dcec903aa52] Processed batch 855: 100 new, 0 updated, 0 errors","timestamp":"2025-04-02T19:27:14.627Z"}
{"level":"info","message":"[Job 55cd7877-551e-457e-afb0-7dcec903aa52] Processed batch 856: 100 new, 0 updated, 0 errors","timestamp":"2025-04-02T19:27:14.652Z"}
{"level":"info","message":"[Job 55cd7877-551e-457e-afb0-7dcec903aa52] Processed batch 857: 100 new, 0 updated, 0 errors","timestamp":"2025-04-02T19:27:14.679Z"}
{"level":"info","message":"[Job 55cd7877-551e-457e-afb0-7dcec903aa52] Processed batch 858: 100 new, 0 updated, 0 errors","timestamp":"2025-04-02T19:27:14.702Z"}
{"level":"info","message":"[Job 55cd7877-551e-457e-afb0-7dcec903aa52] Processed batch 859: 100 new, 0 updated, 0 errors","timestamp":"2025-04-02T19:27:14.747Z"}
{"level":"info","message":"[Job 55cd7877-551e-457e-afb0-7dcec903aa52] Processed batch 860: 100 new, 0 updated, 0 errors","timestamp":"2025-04-02T19:27:14.770Z"}
{"level":"info","message":"[Job 55cd7877-551e-457e-afb0-7dcec903aa52] Processed batch 861: 100 new, 0 updated, 0 errors","timestamp":"2025-04-02T19:27:14.797Z"}
{"level":"info","message":"[Job 55cd7877-551e-457e-afb0-7dcec903aa52] Processed batch 862: 100 new, 0 updated, 0 errors","timestamp":"2025-04-02T19:27:14.819Z"}
{"level":"info","message":"[Job 55cd7877-551e-457e-afb0-7dcec903aa52] Processed batch 863: 100 new, 0 updated, 0 errors","timestamp":"2025-04-02T19:27:14.844Z"}
{"level":"info","message":"[Job 55cd7877-551e-457e-afb0-7dcec903aa52] Processed batch 864: 100 new, 0 updated, 0 errors","timestamp":"2025-04-02T19:27:14.866Z"}
{"level":"info","message":"[Job 55cd7877-551e-457e-afb0-7dcec903aa52] Processed batch 865: 100 new, 0 updated, 0 errors","timestamp":"2025-04-02T19:27:14.893Z"}
{"level":"info","message":"[Job 55cd7877-551e-457e-afb0-7dcec903aa52] Processed batch 866: 100 new, 0 updated, 0 errors","timestamp":"2025-04-02T19:27:14.916Z"}
{"level":"info","message":"[Job 55cd7877-551e-457e-afb0-7dcec903aa52] Processed batch 867: 100 new, 0 updated, 0 errors","timestamp":"2025-04-02T19:27:14.940Z"}
{"level":"info","message":"[Job 55cd7877-551e-457e-afb0-7dcec903aa52] Processed batch 868: 100 new, 0 updated, 0 errors","timestamp":"2025-04-02T19:27:15.012Z"}
{"level":"info","message":"[Job 55cd7877-551e-457e-afb0-7dcec903aa52] Processed batch 869: 100 new, 0 updated, 0 errors","timestamp":"2025-04-02T19:27:15.070Z"}
{"level":"info","message":"[Job 55cd7877-551e-457e-afb0-7dcec903aa52] Processed batch 870: 100 new, 0 updated, 0 errors","timestamp":"2025-04-02T19:27:15.125Z"}
{"level":"info","message":"[Job 55cd7877-551e-457e-afb0-7dcec903aa52] Processed batch 871: 100 new, 0 updated, 0 errors","timestamp":"2025-04-02T19:27:15.178Z"}
{"level":"info","message":"[Job 55cd7877-551e-457e-afb0-7dcec903aa52] Processed batch 872: 100 new, 0 updated, 0 errors","timestamp":"2025-04-02T19:27:15.229Z"}
{"level":"info","message":"[Job 55cd7877-551e-457e-afb0-7dcec903aa52] Processed batch 873: 100 new, 0 updated, 0 errors","timestamp":"2025-04-02T19:27:15.262Z"}
{"level":"info","message":"[Job 55cd7877-551e-457e-afb0-7dcec903aa52] Processed batch 874: 100 new, 0 updated, 0 errors","timestamp":"2025-04-02T19:27:15.312Z"}
{"level":"info","message":"[Job 55cd7877-551e-457e-afb0-7dcec903aa52] Processed batch 875: 100 new, 0 updated, 0 errors","timestamp":"2025-04-02T19:27:15.342Z"}
{"level":"info","message":"[Job 55cd7877-551e-457e-afb0-7dcec903aa52] Processed batch 876: 100 new, 0 updated, 0 errors","timestamp":"2025-04-02T19:27:15.373Z"}
{"level":"info","message":"[Job 55cd7877-551e-457e-afb0-7dcec903aa52] Processed batch 877: 100 new, 0 updated, 0 errors","timestamp":"2025-04-02T19:27:15.418Z"}
{"level":"info","message":"[Job 55cd7877-551e-457e-afb0-7dcec903aa52] Processed batch 878: 100 new, 0 updated, 0 errors","timestamp":"2025-04-02T19:27:15.442Z"}
{"level":"info","message":"[Job 55cd7877-551e-457e-afb0-7dcec903aa52] Processed batch 879: 100 new, 0 updated, 0 errors","timestamp":"2025-04-02T19:27:15.471Z"}
{"level":"info","message":"[Job 55cd7877-551e-457e-afb0-7dcec903aa52] Processed batch 880: 100 new, 0 updated, 0 errors","timestamp":"2025-04-02T19:27:15.500Z"}
{"level":"info","message":"[Job 55cd7877-551e-457e-afb0-7dcec903aa52] Processed batch 881: 100 new, 0 updated, 0 errors","timestamp":"2025-04-02T19:27:15.543Z"}
{"level":"info","message":"[Job 55cd7877-551e-457e-afb0-7dcec903aa52] Processed batch 882: 100 new, 0 updated, 0 errors","timestamp":"2025-04-02T19:27:15.568Z"}
{"level":"info","message":"[Job 55cd7877-551e-457e-afb0-7dcec903aa52] Processed batch 883: 100 new, 0 updated, 0 errors","timestamp":"2025-04-02T19:27:15.591Z"}
{"level":"info","message":"[Job 55cd7877-551e-457e-afb0-7dcec903aa52] Processed batch 884: 100 new, 0 updated, 0 errors","timestamp":"2025-04-02T19:27:15.615Z"}
{"level":"info","message":"[Job 55cd7877-551e-457e-afb0-7dcec903aa52] Processed batch 885: 100 new, 0 updated, 0 errors","timestamp":"2025-04-02T19:27:15.637Z"}
{"level":"info","message":"[Job 55cd7877-551e-457e-afb0-7dcec903aa52] Processed batch 886: 100 new, 0 updated, 0 errors","timestamp":"2025-04-02T19:27:15.660Z"}
{"level":"info","message":"[Job 55cd7877-551e-457e-afb0-7dcec903aa52] Processed batch 887: 100 new, 0 updated, 0 errors","timestamp":"2025-04-02T19:27:15.685Z"}
{"level":"info","message":"[Job 55cd7877-551e-457e-afb0-7dcec903aa52] Processed batch 888: 100 new, 0 updated, 0 errors","timestamp":"2025-04-02T19:27:15.727Z"}
{"level":"info","message":"[Job 55cd7877-551e-457e-afb0-7dcec903aa52] Processed batch 889: 100 new, 0 updated, 0 errors","timestamp":"2025-04-02T19:27:15.759Z"}
{"level":"info","message":"[Job 55cd7877-551e-457e-afb0-7dcec903aa52] Processed batch 890: 100 new, 0 updated, 0 errors","timestamp":"2025-04-02T19:27:15.783Z"}
{"level":"info","message":"[Job 55cd7877-551e-457e-afb0-7dcec903aa52] Processed batch 891: 100 new, 0 updated, 0 errors","timestamp":"2025-04-02T19:27:15.812Z"}
{"level":"info","message":"[Job 55cd7877-551e-457e-afb0-7dcec903aa52] Processed batch 892: 100 new, 0 updated, 0 errors","timestamp":"2025-04-02T19:27:15.836Z"}
{"level":"info","message":"[Job 55cd7877-551e-457e-afb0-7dcec903aa52] Processed batch 893: 100 new, 0 updated, 0 errors","timestamp":"2025-04-02T19:27:15.858Z"}
{"level":"info","message":"[Job 55cd7877-551e-457e-afb0-7dcec903aa52] Processed batch 894: 100 new, 0 updated, 0 errors","timestamp":"2025-04-02T19:27:15.882Z"}
{"level":"info","message":"[Job 55cd7877-551e-457e-afb0-7dcec903aa52] Processed batch 895: 100 new, 0 updated, 0 errors","timestamp":"2025-04-02T19:27:15.905Z"}
{"level":"info","message":"[Job 55cd7877-551e-457e-afb0-7dcec903aa52] Processed batch 896: 100 new, 0 updated, 0 errors","timestamp":"2025-04-02T19:27:15.932Z"}
{"level":"info","message":"[Job 55cd7877-551e-457e-afb0-7dcec903aa52] Processed batch 897: 100 new, 0 updated, 0 errors","timestamp":"2025-04-02T19:27:15.955Z"}
{"level":"info","message":"[Job 55cd7877-551e-457e-afb0-7dcec903aa52] Processed batch 898: 100 new, 0 updated, 0 errors","timestamp":"2025-04-02T19:27:15.979Z"}
{"level":"info","message":"[Job 55cd7877-551e-457e-afb0-7dcec903aa52] Processed batch 899: 100 new, 0 updated, 0 errors","timestamp":"2025-04-02T19:27:16.022Z"}
{"level":"info","message":"[Job 55cd7877-551e-457e-afb0-7dcec903aa52] Processed batch 900: 100 new, 0 updated, 0 errors","timestamp":"2025-04-02T19:27:16.047Z"}
{"level":"info","message":"[Job 55cd7877-551e-457e-afb0-7dcec903aa52] Processed batch 901: 100 new, 0 updated, 0 errors","timestamp":"2025-04-02T19:27:16.070Z"}
{"level":"info","message":"[Job 55cd7877-551e-457e-afb0-7dcec903aa52] Processed batch 902: 100 new, 0 updated, 0 errors","timestamp":"2025-04-02T19:27:16.095Z"}
{"level":"info","message":"[Job 55cd7877-551e-457e-afb0-7dcec903aa52] Processed batch 903: 100 new, 0 updated, 0 errors","timestamp":"2025-04-02T19:27:16.141Z"}
{"level":"info","message":"[Job 55cd7877-551e-457e-afb0-7dcec903aa52] Processed batch 904: 100 new, 0 updated, 0 errors","timestamp":"2025-04-02T19:27:16.163Z"}
{"level":"info","message":"[Job 55cd7877-551e-457e-afb0-7dcec903aa52] Processed batch 905: 100 new, 0 updated, 0 errors","timestamp":"2025-04-02T19:27:16.193Z"}
{"level":"info","message":"[Job 55cd7877-551e-457e-afb0-7dcec903aa52] Processed batch 906: 100 new, 0 updated, 0 errors","timestamp":"2025-04-02T19:27:16.217Z"}
{"level":"info","message":"[Job 55cd7877-551e-457e-afb0-7dcec903aa52] Processed batch 907: 100 new, 0 updated, 0 errors","timestamp":"2025-04-02T19:27:16.240Z"}
{"level":"info","message":"[Job 55cd7877-551e-457e-afb0-7dcec903aa52] Processed batch 908: 100 new, 0 updated, 0 errors","timestamp":"2025-04-02T19:27:16.266Z"}
{"level":"info","message":"[Job 55cd7877-551e-457e-afb0-7dcec903aa52] Processed batch 909: 100 new, 0 updated, 0 errors","timestamp":"2025-04-02T19:27:16.292Z"}
{"level":"info","message":"[Job 55cd7877-551e-457e-afb0-7dcec903aa52] Processed batch 910: 100 new, 0 updated, 0 errors","timestamp":"2025-04-02T19:27:16.317Z"}
{"level":"info","message":"[Job 55cd7877-551e-457e-afb0-7dcec903aa52] Processed batch 911: 100 new, 0 updated, 0 errors","timestamp":"2025-04-02T19:27:16.343Z"}
{"level":"info","message":"[Job 55cd7877-551e-457e-afb0-7dcec903aa52] Processed batch 912: 100 new, 0 updated, 0 errors","timestamp":"2025-04-02T19:27:16.367Z"}
{"level":"info","message":"[Job 55cd7877-551e-457e-afb0-7dcec903aa52] Processed batch 913: 100 new, 0 updated, 0 errors","timestamp":"2025-04-02T19:27:16.406Z"}
{"level":"info","message":"[Job 55cd7877-551e-457e-afb0-7dcec903aa52] Processed batch 914: 100 new, 0 updated, 0 errors","timestamp":"2025-04-02T19:27:16.437Z"}
{"level":"info","message":"[Job 55cd7877-551e-457e-afb0-7dcec903aa52] Processed batch 915: 100 new, 0 updated, 0 errors","timestamp":"2025-04-02T19:27:16.465Z"}
{"level":"info","message":"[Job 55cd7877-551e-457e-afb0-7dcec903aa52] Processed batch 916: 100 new, 0 updated, 0 errors","timestamp":"2025-04-02T19:27:16.520Z"}
{"level":"info","message":"[Job 55cd7877-551e-457e-afb0-7dcec903aa52] Processed batch 917: 100 new, 0 updated, 0 errors","timestamp":"2025-04-02T19:27:16.545Z"}
{"level":"info","message":"[Job 55cd7877-551e-457e-afb0-7dcec903aa52] Processed batch 918: 100 new, 0 updated, 0 errors","timestamp":"2025-04-02T19:27:16.567Z"}
{"level":"info","message":"[Job 55cd7877-551e-457e-afb0-7dcec903aa52] Processed batch 919: 100 new, 0 updated, 0 errors","timestamp":"2025-04-02T19:27:16.602Z"}
{"level":"info","message":"[Job 55cd7877-551e-457e-afb0-7dcec903aa52] Processed batch 920: 100 new, 0 updated, 0 errors","timestamp":"2025-04-02T19:27:16.626Z"}
{"level":"info","message":"[Job 55cd7877-551e-457e-afb0-7dcec903aa52] Processed batch 921: 100 new, 0 updated, 0 errors","timestamp":"2025-04-02T19:27:16.649Z"}
{"level":"info","message":"[Job 55cd7877-551e-457e-afb0-7dcec903aa52] Processed batch 922: 100 new, 0 updated, 0 errors","timestamp":"2025-04-02T19:27:16.679Z"}
{"level":"info","message":"[Job 55cd7877-551e-457e-afb0-7dcec903aa52] Processed batch 923: 100 new, 0 updated, 0 errors","timestamp":"2025-04-02T19:27:16.702Z"}
{"level":"info","message":"[Job 55cd7877-551e-457e-afb0-7dcec903aa52] Processed batch 924: 100 new, 0 updated, 0 errors","timestamp":"2025-04-02T19:27:16.721Z"}
{"level":"info","message":"[Job 55cd7877-551e-457e-afb0-7dcec903aa52] Processed batch 925: 100 new, 0 updated, 0 errors","timestamp":"2025-04-02T19:27:16.748Z"}
{"level":"info","message":"[Job 55cd7877-551e-457e-afb0-7dcec903aa52] Processed batch 926: 100 new, 0 updated, 0 errors","timestamp":"2025-04-02T19:27:16.768Z"}
{"level":"info","message":"[Job 55cd7877-551e-457e-afb0-7dcec903aa52] Processed batch 927: 100 new, 0 updated, 0 errors","timestamp":"2025-04-02T19:27:16.806Z"}
{"level":"info","message":"[Job 55cd7877-551e-457e-afb0-7dcec903aa52] Processed batch 928: 100 new, 0 updated, 0 errors","timestamp":"2025-04-02T19:27:16.828Z"}
{"level":"info","message":"[Job 55cd7877-551e-457e-afb0-7dcec903aa52] Processed batch 929: 100 new, 0 updated, 0 errors","timestamp":"2025-04-02T19:27:16.850Z"}
{"level":"info","message":"[Job 55cd7877-551e-457e-afb0-7dcec903aa52] Processed batch 930: 100 new, 0 updated, 0 errors","timestamp":"2025-04-02T19:27:16.871Z"}
{"level":"info","message":"[Job 55cd7877-551e-457e-afb0-7dcec903aa52] Processed batch 931: 100 new, 0 updated, 0 errors","timestamp":"2025-04-02T19:27:16.896Z"}
{"level":"info","message":"[Job 55cd7877-551e-457e-afb0-7dcec903aa52] Processed batch 932: 100 new, 0 updated, 0 errors","timestamp":"2025-04-02T19:27:16.918Z"}
{"level":"info","message":"[Job 55cd7877-551e-457e-afb0-7dcec903aa52] Processed batch 933: 100 new, 0 updated, 0 errors","timestamp":"2025-04-02T19:27:16.939Z"}
{"level":"info","message":"[Job 55cd7877-551e-457e-afb0-7dcec903aa52] Processed batch 934: 100 new, 0 updated, 0 errors","timestamp":"2025-04-02T19:27:16.963Z"}
{"level":"info","message":"[Job 55cd7877-551e-457e-afb0-7dcec903aa52] Processed batch 935: 100 new, 0 updated, 0 errors","timestamp":"2025-04-02T19:27:16.983Z"}
{"level":"info","message":"[Job 55cd7877-551e-457e-afb0-7dcec903aa52] Processed batch 936: 100 new, 0 updated, 0 errors","timestamp":"2025-04-02T19:27:17.007Z"}
{"level":"info","message":"[Job 55cd7877-551e-457e-afb0-7dcec903aa52] Processed batch 937: 100 new, 0 updated, 0 errors","timestamp":"2025-04-02T19:27:17.038Z"}
{"level":"info","message":"[Job 55cd7877-551e-457e-afb0-7dcec903aa52] Processed batch 938: 100 new, 0 updated, 0 errors","timestamp":"2025-04-02T19:27:17.061Z"}
{"level":"info","message":"[Job 55cd7877-551e-457e-afb0-7dcec903aa52] Processed batch 939: 100 new, 0 updated, 0 errors","timestamp":"2025-04-02T19:27:17.085Z"}
{"level":"info","message":"[Job 55cd7877-551e-457e-afb0-7dcec903aa52] Processed batch 940: 100 new, 0 updated, 0 errors","timestamp":"2025-04-02T19:27:17.109Z"}
{"level":"info","message":"[Job 55cd7877-551e-457e-afb0-7dcec903aa52] Processed batch 941: 100 new, 0 updated, 0 errors","timestamp":"2025-04-02T19:27:17.142Z"}
{"level":"info","message":"[Job 55cd7877-551e-457e-afb0-7dcec903aa52] Processed batch 942: 100 new, 0 updated, 0 errors","timestamp":"2025-04-02T19:27:17.440Z"}
{"level":"info","message":"[Job 55cd7877-551e-457e-afb0-7dcec903aa52] Processed batch 943: 100 new, 0 updated, 0 errors","timestamp":"2025-04-02T19:27:17.461Z"}
{"level":"info","message":"[Job 55cd7877-551e-457e-afb0-7dcec903aa52] Processed batch 944: 100 new, 0 updated, 0 errors","timestamp":"2025-04-02T19:27:17.486Z"}
{"level":"info","message":"[Job 55cd7877-551e-457e-afb0-7dcec903aa52] Processed batch 945: 100 new, 0 updated, 0 errors","timestamp":"2025-04-02T19:27:17.517Z"}
{"level":"info","message":"[Job 55cd7877-551e-457e-afb0-7dcec903aa52] Processed batch 946: 100 new, 0 updated, 0 errors","timestamp":"2025-04-02T19:27:17.545Z"}
{"level":"info","message":"[Job 55cd7877-551e-457e-afb0-7dcec903aa52] Processed batch 947: 100 new, 0 updated, 0 errors","timestamp":"2025-04-02T19:27:17.575Z"}
{"level":"info","message":"[Job 55cd7877-551e-457e-afb0-7dcec903aa52] Processed batch 948: 100 new, 0 updated, 0 errors","timestamp":"2025-04-02T19:27:17.606Z"}
{"level":"info","message":"[Job 55cd7877-551e-457e-afb0-7dcec903aa52] Processed batch 949: 100 new, 0 updated, 0 errors","timestamp":"2025-04-02T19:27:17.636Z"}
{"level":"info","message":"[Job 55cd7877-551e-457e-afb0-7dcec903aa52] Processed batch 950: 100 new, 0 updated, 0 errors","timestamp":"2025-04-02T19:27:17.657Z"}
{"level":"info","message":"[Job 55cd7877-551e-457e-afb0-7dcec903aa52] Processed batch 951: 100 new, 0 updated, 0 errors","timestamp":"2025-04-02T19:27:17.681Z"}
{"level":"info","message":"[Job 55cd7877-551e-457e-afb0-7dcec903aa52] Processed batch 952: 100 new, 0 updated, 0 errors","timestamp":"2025-04-02T19:27:17.704Z"}
{"level":"info","message":"[Job 55cd7877-551e-457e-afb0-7dcec903aa52] Processed batch 953: 100 new, 0 updated, 0 errors","timestamp":"2025-04-02T19:27:17.729Z"}
{"level":"info","message":"[Job 55cd7877-551e-457e-afb0-7dcec903aa52] Processed batch 954: 100 new, 0 updated, 0 errors","timestamp":"2025-04-02T19:27:17.751Z"}
{"level":"info","message":"[Job 55cd7877-551e-457e-afb0-7dcec903aa52] Processed batch 955: 99 new, 1 updated, 0 errors","timestamp":"2025-04-02T19:27:17.773Z"}
{"level":"info","message":"[Job 55cd7877-551e-457e-afb0-7dcec903aa52] Processed batch 956: 100 new, 0 updated, 0 errors","timestamp":"2025-04-02T19:27:17.797Z"}
{"level":"info","message":"[Job 55cd7877-551e-457e-afb0-7dcec903aa52] Processed batch 957: 100 new, 0 updated, 0 errors","timestamp":"2025-04-02T19:27:17.819Z"}
{"level":"info","message":"[Job 55cd7877-551e-457e-afb0-7dcec903aa52] Processed batch 958: 100 new, 0 updated, 0 errors","timestamp":"2025-04-02T19:27:17.840Z"}
{"level":"info","message":"[Job 55cd7877-551e-457e-afb0-7dcec903aa52] Processed batch 959: 100 new, 0 updated, 0 errors","timestamp":"2025-04-02T19:27:17.865Z"}
{"level":"info","message":"[Job 55cd7877-551e-457e-afb0-7dcec903aa52] Processed batch 960: 100 new, 0 updated, 0 errors","timestamp":"2025-04-02T19:27:17.893Z"}
{"level":"info","message":"[Job 55cd7877-551e-457e-afb0-7dcec903aa52] Processed batch 961: 100 new, 0 updated, 0 errors","timestamp":"2025-04-02T19:27:17.919Z"}
{"level":"info","message":"[Job 55cd7877-551e-457e-afb0-7dcec903aa52] Processed batch 962: 100 new, 0 updated, 0 errors","timestamp":"2025-04-02T19:27:17.941Z"}
{"level":"info","message":"[Job 55cd7877-551e-457e-afb0-7dcec903aa52] Processed batch 963: 100 new, 0 updated, 0 errors","timestamp":"2025-04-02T19:27:17.967Z"}
{"level":"info","message":"[Job 55cd7877-551e-457e-afb0-7dcec903aa52] Processed batch 964: 100 new, 0 updated, 0 errors","timestamp":"2025-04-02T19:27:17.990Z"}
{"level":"info","message":"[Job 55cd7877-551e-457e-afb0-7dcec903aa52] Processed batch 965: 100 new, 0 updated, 0 errors","timestamp":"2025-04-02T19:27:18.050Z"}
{"level":"info","message":"[Job 55cd7877-551e-457e-afb0-7dcec903aa52] Processed batch 966: 100 new, 0 updated, 0 errors","timestamp":"2025-04-02T19:27:18.073Z"}
{"level":"info","message":"[Job 55cd7877-551e-457e-afb0-7dcec903aa52] Processed batch 967: 100 new, 0 updated, 0 errors","timestamp":"2025-04-02T19:27:18.097Z"}
{"level":"info","message":"[Job 55cd7877-551e-457e-afb0-7dcec903aa52] Processed batch 968: 100 new, 0 updated, 0 errors","timestamp":"2025-04-02T19:27:18.117Z"}
{"level":"info","message":"[Job 55cd7877-551e-457e-afb0-7dcec903aa52] Processed batch 969: 100 new, 0 updated, 0 errors","timestamp":"2025-04-02T19:27:18.143Z"}
{"level":"info","message":"[Job 55cd7877-551e-457e-afb0-7dcec903aa52] Processed batch 970: 99 new, 1 updated, 0 errors","timestamp":"2025-04-02T19:27:18.172Z"}
{"level":"info","message":"[Job 55cd7877-551e-457e-afb0-7dcec903aa52] Processed batch 971: 100 new, 0 updated, 0 errors","timestamp":"2025-04-02T19:27:18.200Z"}
{"level":"info","message":"[Job 55cd7877-551e-457e-afb0-7dcec903aa52] Processed batch 972: 100 new, 0 updated, 0 errors","timestamp":"2025-04-02T19:27:18.227Z"}
{"level":"info","message":"[Job 55cd7877-551e-457e-afb0-7dcec903aa52] Processed batch 973: 100 new, 0 updated, 0 errors","timestamp":"2025-04-02T19:27:18.257Z"}
{"level":"info","message":"[Job 55cd7877-551e-457e-afb0-7dcec903aa52] Processed batch 974: 100 new, 0 updated, 0 errors","timestamp":"2025-04-02T19:27:18.285Z"}
{"level":"info","message":"[Job 55cd7877-551e-457e-afb0-7dcec903aa52] Processed batch 975: 100 new, 0 updated, 0 errors","timestamp":"2025-04-02T19:27:18.306Z"}
{"level":"info","message":"[Job 55cd7877-551e-457e-afb0-7dcec903aa52] Processed batch 976: 100 new, 0 updated, 0 errors","timestamp":"2025-04-02T19:27:18.331Z"}
{"level":"info","message":"[Job 55cd7877-551e-457e-afb0-7dcec903aa52] Processed batch 977: 100 new, 0 updated, 0 errors","timestamp":"2025-04-02T19:27:18.355Z"}
{"level":"info","message":"[Job 55cd7877-551e-457e-afb0-7dcec903aa52] Processed batch 978: 100 new, 0 updated, 0 errors","timestamp":"2025-04-02T19:27:18.393Z"}
{"level":"info","message":"[Job 55cd7877-551e-457e-afb0-7dcec903aa52] Processed batch 979: 100 new, 0 updated, 0 errors","timestamp":"2025-04-02T19:27:18.419Z"}
{"level":"info","message":"[Job 55cd7877-551e-457e-afb0-7dcec903aa52] Processed batch 980: 100 new, 0 updated, 0 errors","timestamp":"2025-04-02T19:27:18.441Z"}
{"level":"info","message":"[Job 55cd7877-551e-457e-afb0-7dcec903aa52] Processed batch 981: 100 new, 0 updated, 0 errors","timestamp":"2025-04-02T19:27:18.467Z"}
{"level":"info","message":"[Job 55cd7877-551e-457e-afb0-7dcec903aa52] Processed batch 982: 100 new, 0 updated, 0 errors","timestamp":"2025-04-02T19:27:18.492Z"}
{"level":"info","message":"[Job 55cd7877-551e-457e-afb0-7dcec903aa52] Processed batch 983: 100 new, 0 updated, 0 errors","timestamp":"2025-04-02T19:27:18.529Z"}
{"level":"info","message":"[Job 55cd7877-551e-457e-afb0-7dcec903aa52] Processed batch 984: 100 new, 0 updated, 0 errors","timestamp":"2025-04-02T19:27:18.557Z"}
{"level":"info","message":"[Job 55cd7877-551e-457e-afb0-7dcec903aa52] Processed batch 985: 100 new, 0 updated, 0 errors","timestamp":"2025-04-02T19:27:18.588Z"}
{"level":"info","message":"[Job 55cd7877-551e-457e-afb0-7dcec903aa52] Processed batch 986: 100 new, 0 updated, 0 errors","timestamp":"2025-04-02T19:27:18.621Z"}
{"level":"info","message":"[Job 55cd7877-551e-457e-afb0-7dcec903aa52] Processed batch 987: 100 new, 0 updated, 0 errors","timestamp":"2025-04-02T19:27:18.664Z"}
{"level":"info","message":"[Job 55cd7877-551e-457e-afb0-7dcec903aa52] Processed batch 988: 100 new, 0 updated, 0 errors","timestamp":"2025-04-02T19:27:18.691Z"}
{"level":"info","message":"[Job 55cd7877-551e-457e-afb0-7dcec903aa52] Processed batch 989: 100 new, 0 updated, 0 errors","timestamp":"2025-04-02T19:27:18.716Z"}
{"level":"info","message":"[Job 55cd7877-551e-457e-afb0-7dcec903aa52] Processed batch 990: 100 new, 0 updated, 0 errors","timestamp":"2025-04-02T19:27:18.738Z"}
{"level":"info","message":"[Job 55cd7877-551e-457e-afb0-7dcec903aa52] Processed batch 991: 100 new, 0 updated, 0 errors","timestamp":"2025-04-02T19:27:18.765Z"}
{"level":"info","message":"[Job 55cd7877-551e-457e-afb0-7dcec903aa52] Processed batch 992: 100 new, 0 updated, 0 errors","timestamp":"2025-04-02T19:27:18.790Z"}
{"level":"info","message":"[Job 55cd7877-551e-457e-afb0-7dcec903aa52] Processed batch 993: 100 new, 0 updated, 0 errors","timestamp":"2025-04-02T19:27:18.816Z"}
{"level":"info","message":"[Job 55cd7877-551e-457e-afb0-7dcec903aa52] Processed batch 994: 100 new, 0 updated, 0 errors","timestamp":"2025-04-02T19:27:18.845Z"}
{"level":"info","message":"[Job 55cd7877-551e-457e-afb0-7dcec903aa52] Processed batch 995: 100 new, 0 updated, 0 errors","timestamp":"2025-04-02T19:27:18.874Z"}
{"level":"info","message":"[Job 55cd7877-551e-457e-afb0-7dcec903aa52] Processed batch 996: 100 new, 0 updated, 0 errors","timestamp":"2025-04-02T19:27:18.902Z"}
{"level":"info","message":"[Job 55cd7877-551e-457e-afb0-7dcec903aa52] Processed batch 997: 100 new, 0 updated, 0 errors","timestamp":"2025-04-02T19:27:18.931Z"}
{"level":"info","message":"[Job 55cd7877-551e-457e-afb0-7dcec903aa52] Processed batch 998: 100 new, 0 updated, 0 errors","timestamp":"2025-04-02T19:27:18.953Z"}
{"level":"info","message":"[Job 55cd7877-551e-457e-afb0-7dcec903aa52] Processed batch 999: 100 new, 0 updated, 0 errors","timestamp":"2025-04-02T19:27:18.976Z"}
{"level":"info","message":"[Job 55cd7877-551e-457e-afb0-7dcec903aa52] Processed batch 1000: 100 new, 0 updated, 0 errors","timestamp":"2025-04-02T19:27:19.000Z"}
{"level":"info","message":"[Job 55cd7877-551e-457e-afb0-7dcec903aa52] Processed batch 1001: 100 new, 0 updated, 0 errors","timestamp":"2025-04-02T19:27:19.039Z"}
{"level":"info","message":"[Job 55cd7877-551e-457e-afb0-7dcec903aa52] Processed batch 1002: 100 new, 0 updated, 0 errors","timestamp":"2025-04-02T19:27:19.058Z"}
{"level":"info","message":"[Job 55cd7877-551e-457e-afb0-7dcec903aa52] Processed batch 1003: 100 new, 0 updated, 0 errors","timestamp":"2025-04-02T19:27:19.084Z"}
{"level":"info","message":"[Job 55cd7877-551e-457e-afb0-7dcec903aa52] Processed batch 1004: 100 new, 0 updated, 0 errors","timestamp":"2025-04-02T19:27:19.105Z"}
{"level":"info","message":"[Job 55cd7877-551e-457e-afb0-7dcec903aa52] Processed batch 1005: 100 new, 0 updated, 0 errors","timestamp":"2025-04-02T19:27:19.133Z"}
{"level":"info","message":"[Job 55cd7877-551e-457e-afb0-7dcec903aa52] Processed batch 1006: 100 new, 0 updated, 0 errors","timestamp":"2025-04-02T19:27:19.240Z"}
{"level":"info","message":"[Job 55cd7877-551e-457e-afb0-7dcec903aa52] Processed batch 1007: 100 new, 0 updated, 0 errors","timestamp":"2025-04-02T19:27:19.307Z"}
{"level":"info","message":"[Job 55cd7877-551e-457e-afb0-7dcec903aa52] Processed batch 1008: 100 new, 0 updated, 0 errors","timestamp":"2025-04-02T19:27:19.357Z"}
{"level":"info","message":"[Job 55cd7877-551e-457e-afb0-7dcec903aa52] Processed batch 1009: 100 new, 0 updated, 0 errors","timestamp":"2025-04-02T19:27:19.410Z"}
{"level":"info","message":"[Job 55cd7877-551e-457e-afb0-7dcec903aa52] Processed batch 1010: 100 new, 0 updated, 0 errors","timestamp":"2025-04-02T19:27:19.452Z"}
{"level":"info","message":"[Job 55cd7877-551e-457e-afb0-7dcec903aa52] Processed batch 1011: 100 new, 0 updated, 0 errors","timestamp":"2025-04-02T19:27:19.480Z"}
{"level":"info","message":"[Job 55cd7877-551e-457e-afb0-7dcec903aa52] Processed batch 1012: 100 new, 0 updated, 0 errors","timestamp":"2025-04-02T19:27:19.510Z"}
{"level":"info","message":"[Job 55cd7877-551e-457e-afb0-7dcec903aa52] Processed batch 1013: 100 new, 0 updated, 0 errors","timestamp":"2025-04-02T19:27:19.537Z"}
{"level":"info","message":"[Job 55cd7877-551e-457e-afb0-7dcec903aa52] Processed batch 1014: 100 new, 0 updated, 0 errors","timestamp":"2025-04-02T19:27:19.560Z"}
{"level":"info","message":"[Job 55cd7877-551e-457e-afb0-7dcec903aa52] Processed batch 1015: 100 new, 0 updated, 0 errors","timestamp":"2025-04-02T19:27:19.588Z"}
{"level":"info","message":"[Job 55cd7877-551e-457e-afb0-7dcec903aa52] Processed batch 1016: 100 new, 0 updated, 0 errors","timestamp":"2025-04-02T19:27:19.635Z"}
{"level":"info","message":"[Job 55cd7877-551e-457e-afb0-7dcec903aa52] Processed batch 1017: 100 new, 0 updated, 0 errors","timestamp":"2025-04-02T19:27:19.665Z"}
{"level":"info","message":"[Job 55cd7877-551e-457e-afb0-7dcec903aa52] Processed batch 1018: 100 new, 0 updated, 0 errors","timestamp":"2025-04-02T19:27:19.693Z"}
{"level":"info","message":"[Job 55cd7877-551e-457e-afb0-7dcec903aa52] Processed batch 1019: 100 new, 0 updated, 0 errors","timestamp":"2025-04-02T19:27:19.718Z"}
{"level":"info","message":"[Job 55cd7877-551e-457e-afb0-7dcec903aa52] Processed batch 1020: 100 new, 0 updated, 0 errors","timestamp":"2025-04-02T19:27:19.745Z"}
{"level":"info","message":"[Job 55cd7877-551e-457e-afb0-7dcec903aa52] Processed batch 1021: 100 new, 0 updated, 0 errors","timestamp":"2025-04-02T19:27:19.775Z"}
{"level":"info","message":"[Job 55cd7877-551e-457e-afb0-7dcec903aa52] Processed batch 1022: 100 new, 0 updated, 0 errors","timestamp":"2025-04-02T19:27:19.814Z"}
{"level":"info","message":"[Job 55cd7877-551e-457e-afb0-7dcec903aa52] Processed batch 1023: 100 new, 0 updated, 0 errors","timestamp":"2025-04-02T19:27:19.899Z"}
{"level":"info","message":"[Job 55cd7877-551e-457e-afb0-7dcec903aa52] Processed batch 1024: 100 new, 0 updated, 0 errors","timestamp":"2025-04-02T19:27:19.938Z"}
{"level":"info","message":"[Job 55cd7877-551e-457e-afb0-7dcec903aa52] Processed batch 1025: 100 new, 0 updated, 0 errors","timestamp":"2025-04-02T19:27:19.961Z"}
{"level":"info","message":"[Job 55cd7877-551e-457e-afb0-7dcec903aa52] Processed batch 1026: 100 new, 0 updated, 0 errors","timestamp":"2025-04-02T19:27:19.987Z"}
{"level":"info","message":"[Job 55cd7877-551e-457e-afb0-7dcec903aa52] Processed batch 1027: 100 new, 0 updated, 0 errors","timestamp":"2025-04-02T19:27:20.013Z"}
{"level":"info","message":"[Job 55cd7877-551e-457e-afb0-7dcec903aa52] Processed batch 1028: 100 new, 0 updated, 0 errors","timestamp":"2025-04-02T19:27:20.037Z"}
{"level":"info","message":"[Job 55cd7877-551e-457e-afb0-7dcec903aa52] Processed batch 1029: 100 new, 0 updated, 0 errors","timestamp":"2025-04-02T19:27:20.058Z"}
{"level":"info","message":"[Job 55cd7877-551e-457e-afb0-7dcec903aa52] Processed batch 1030: 100 new, 0 updated, 0 errors","timestamp":"2025-04-02T19:27:20.078Z"}
{"level":"info","message":"[Job 55cd7877-551e-457e-afb0-7dcec903aa52] Processed batch 1031: 100 new, 0 updated, 0 errors","timestamp":"2025-04-02T19:27:20.098Z"}
{"level":"info","message":"[Job 55cd7877-551e-457e-afb0-7dcec903aa52] Processed batch 1032: 100 new, 0 updated, 0 errors","timestamp":"2025-04-02T19:27:20.121Z"}
{"level":"info","message":"[Job 55cd7877-551e-457e-afb0-7dcec903aa52] Processed batch 1033: 100 new, 0 updated, 0 errors","timestamp":"2025-04-02T19:27:20.141Z"}
{"level":"info","message":"[Job 55cd7877-551e-457e-afb0-7dcec903aa52] Processed batch 1034: 100 new, 0 updated, 0 errors","timestamp":"2025-04-02T19:27:20.159Z"}
{"level":"info","message":"[Job 55cd7877-551e-457e-afb0-7dcec903aa52] Processed batch 1035: 100 new, 0 updated, 0 errors","timestamp":"2025-04-02T19:27:20.189Z"}
{"level":"info","message":"[Job 55cd7877-551e-457e-afb0-7dcec903aa52] Processed batch 1036: 100 new, 0 updated, 0 errors","timestamp":"2025-04-02T19:27:20.213Z"}
{"level":"info","message":"[Job 55cd7877-551e-457e-afb0-7dcec903aa52] Processed batch 1037: 100 new, 0 updated, 0 errors","timestamp":"2025-04-02T19:27:20.240Z"}
{"level":"info","message":"[Job 55cd7877-551e-457e-afb0-7dcec903aa52] Processed batch 1038: 100 new, 0 updated, 0 errors","timestamp":"2025-04-02T19:27:20.265Z"}
{"level":"info","message":"[Job 55cd7877-551e-457e-afb0-7dcec903aa52] Processed batch 1039: 100 new, 0 updated, 0 errors","timestamp":"2025-04-02T19:27:20.294Z"}
{"level":"info","message":"[Job 55cd7877-551e-457e-afb0-7dcec903aa52] Processed batch 1040: 100 new, 0 updated, 0 errors","timestamp":"2025-04-02T19:27:20.321Z"}
{"level":"info","message":"[Job 55cd7877-551e-457e-afb0-7dcec903aa52] Processed batch 1041: 100 new, 0 updated, 0 errors","timestamp":"2025-04-02T19:27:20.346Z"}
{"level":"info","message":"[Job 55cd7877-551e-457e-afb0-7dcec903aa52] Processed batch 1042: 100 new, 0 updated, 0 errors","timestamp":"2025-04-02T19:27:20.371Z"}
{"level":"info","message":"[Job 55cd7877-551e-457e-afb0-7dcec903aa52] Processed batch 1043: 100 new, 0 updated, 0 errors","timestamp":"2025-04-02T19:27:20.398Z"}
{"level":"info","message":"[Job 55cd7877-551e-457e-afb0-7dcec903aa52] Processed batch 1044: 100 new, 0 updated, 0 errors","timestamp":"2025-04-02T19:27:20.424Z"}
{"level":"info","message":"[Job 55cd7877-551e-457e-afb0-7dcec903aa52] Processed batch 1045: 100 new, 0 updated, 0 errors","timestamp":"2025-04-02T19:27:20.449Z"}
{"level":"info","message":"[Job 55cd7877-551e-457e-afb0-7dcec903aa52] Processed batch 1046: 100 new, 0 updated, 0 errors","timestamp":"2025-04-02T19:27:20.472Z"}
{"level":"info","message":"[Job 55cd7877-551e-457e-afb0-7dcec903aa52] Processed batch 1047: 100 new, 0 updated, 0 errors","timestamp":"2025-04-02T19:27:20.492Z"}
{"level":"info","message":"[Job 55cd7877-551e-457e-afb0-7dcec903aa52] Processed batch 1048: 100 new, 0 updated, 0 errors","timestamp":"2025-04-02T19:27:20.519Z"}
{"level":"info","message":"[Job 55cd7877-551e-457e-afb0-7dcec903aa52] Processed batch 1049: 100 new, 0 updated, 0 errors","timestamp":"2025-04-02T19:27:20.540Z"}
{"level":"info","message":"[Job 55cd7877-551e-457e-afb0-7dcec903aa52] Processed batch 1050: 100 new, 0 updated, 0 errors","timestamp":"2025-04-02T19:27:20.561Z"}
{"level":"info","message":"[Job 55cd7877-551e-457e-afb0-7dcec903aa52] Processed batch 1051: 100 new, 0 updated, 0 errors","timestamp":"2025-04-02T19:27:20.583Z"}
{"level":"info","message":"[Job 55cd7877-551e-457e-afb0-7dcec903aa52] Processed batch 1052: 100 new, 0 updated, 0 errors","timestamp":"2025-04-02T19:27:20.605Z"}
{"level":"info","message":"[Job 55cd7877-551e-457e-afb0-7dcec903aa52] Processed batch 1053: 100 new, 0 updated, 0 errors","timestamp":"2025-04-02T19:27:20.624Z"}
{"level":"info","message":"[Job 55cd7877-551e-457e-afb0-7dcec903aa52] Processed batch 1054: 100 new, 0 updated, 0 errors","timestamp":"2025-04-02T19:27:20.649Z"}
{"level":"info","message":"[Job 55cd7877-551e-457e-afb0-7dcec903aa52] Processed batch 1055: 100 new, 0 updated, 0 errors","timestamp":"2025-04-02T19:27:20.670Z"}
{"level":"info","message":"[Job 55cd7877-551e-457e-afb0-7dcec903aa52] Processed batch 1056: 100 new, 0 updated, 0 errors","timestamp":"2025-04-02T19:27:20.691Z"}
{"level":"info","message":"[Job 55cd7877-551e-457e-afb0-7dcec903aa52] Processed batch 1057: 99 new, 1 updated, 0 errors","timestamp":"2025-04-02T19:27:20.714Z"}
{"level":"info","message":"[Job 55cd7877-551e-457e-afb0-7dcec903aa52] Processed batch 1058: 100 new, 0 updated, 0 errors","timestamp":"2025-04-02T19:27:20.736Z"}
{"level":"info","message":"[Job 55cd7877-551e-457e-afb0-7dcec903aa52] Processed batch 1059: 100 new, 0 updated, 0 errors","timestamp":"2025-04-02T19:27:20.762Z"}
{"level":"info","message":"[Job 55cd7877-551e-457e-afb0-7dcec903aa52] Processed batch 1060: 100 new, 0 updated, 0 errors","timestamp":"2025-04-02T19:27:20.789Z"}
{"level":"info","message":"[Job 55cd7877-551e-457e-afb0-7dcec903aa52] Processed batch 1061: 100 new, 0 updated, 0 errors","timestamp":"2025-04-02T19:27:20.811Z"}
{"level":"info","message":"[Job 55cd7877-551e-457e-afb0-7dcec903aa52] Processed batch 1062: 100 new, 0 updated, 0 errors","timestamp":"2025-04-02T19:27:20.838Z"}
{"level":"info","message":"[Job 55cd7877-551e-457e-afb0-7dcec903aa52] Processed batch 1063: 100 new, 0 updated, 0 errors","timestamp":"2025-04-02T19:27:20.878Z"}
{"level":"info","message":"[Job 55cd7877-551e-457e-afb0-7dcec903aa52] Processed batch 1064: 100 new, 0 updated, 0 errors","timestamp":"2025-04-02T19:27:20.903Z"}
{"level":"info","message":"[Job 55cd7877-551e-457e-afb0-7dcec903aa52] Processed batch 1065: 100 new, 0 updated, 0 errors","timestamp":"2025-04-02T19:27:20.926Z"}
{"level":"info","message":"[Job 55cd7877-551e-457e-afb0-7dcec903aa52] Processed batch 1066: 100 new, 0 updated, 0 errors","timestamp":"2025-04-02T19:27:20.953Z"}
{"level":"info","message":"[Job 55cd7877-551e-457e-afb0-7dcec903aa52] Processed batch 1067: 100 new, 0 updated, 0 errors","timestamp":"2025-04-02T19:27:20.978Z"}
{"level":"info","message":"[Job 55cd7877-551e-457e-afb0-7dcec903aa52] Processed batch 1068: 100 new, 0 updated, 0 errors","timestamp":"2025-04-02T19:27:21.002Z"}
{"level":"info","message":"[Job 55cd7877-551e-457e-afb0-7dcec903aa52] Processed batch 1069: 100 new, 0 updated, 0 errors","timestamp":"2025-04-02T19:27:21.032Z"}
{"level":"info","message":"[Job 55cd7877-551e-457e-afb0-7dcec903aa52] Processed batch 1070: 100 new, 0 updated, 0 errors","timestamp":"2025-04-02T19:27:21.058Z"}
{"level":"info","message":"[Job 55cd7877-551e-457e-afb0-7dcec903aa52] Processed batch 1071: 100 new, 0 updated, 0 errors","timestamp":"2025-04-02T19:27:21.079Z"}
{"level":"info","message":"[Job 55cd7877-551e-457e-afb0-7dcec903aa52] Processed batch 1072: 100 new, 0 updated, 0 errors","timestamp":"2025-04-02T19:27:21.104Z"}
{"level":"info","message":"[Job 55cd7877-551e-457e-afb0-7dcec903aa52] Processed batch 1073: 100 new, 0 updated, 0 errors","timestamp":"2025-04-02T19:27:21.128Z"}
{"level":"info","message":"[Job 55cd7877-551e-457e-afb0-7dcec903aa52] Processed batch 1074: 100 new, 0 updated, 0 errors","timestamp":"2025-04-02T19:27:21.162Z"}
{"level":"info","message":"[Job 55cd7877-551e-457e-afb0-7dcec903aa52] Processed batch 1075: 100 new, 0 updated, 0 errors","timestamp":"2025-04-02T19:27:21.205Z"}
{"level":"info","message":"[Job 55cd7877-551e-457e-afb0-7dcec903aa52] Processed batch 1076: 100 new, 0 updated, 0 errors","timestamp":"2025-04-02T19:27:21.226Z"}
{"level":"info","message":"[Job 55cd7877-551e-457e-afb0-7dcec903aa52] Processed batch 1077: 100 new, 0 updated, 0 errors","timestamp":"2025-04-02T19:27:21.246Z"}
{"level":"info","message":"[Job 55cd7877-551e-457e-afb0-7dcec903aa52] Processed batch 1078: 100 new, 0 updated, 0 errors","timestamp":"2025-04-02T19:27:21.274Z"}
{"level":"info","message":"[Job 55cd7877-551e-457e-afb0-7dcec903aa52] Processed batch 1079: 100 new, 0 updated, 0 errors","timestamp":"2025-04-02T19:27:21.298Z"}
{"level":"info","message":"[Job 55cd7877-551e-457e-afb0-7dcec903aa52] Processed batch 1080: 100 new, 0 updated, 0 errors","timestamp":"2025-04-02T19:27:21.323Z"}
{"level":"info","message":"[Job 55cd7877-551e-457e-afb0-7dcec903aa52] Processed batch 1081: 100 new, 0 updated, 0 errors","timestamp":"2025-04-02T19:27:21.346Z"}
{"level":"info","message":"[Job 55cd7877-551e-457e-afb0-7dcec903aa52] Processed batch 1082: 100 new, 0 updated, 0 errors","timestamp":"2025-04-02T19:27:21.367Z"}
{"level":"info","message":"[Job 55cd7877-551e-457e-afb0-7dcec903aa52] Processed batch 1083: 100 new, 0 updated, 0 errors","timestamp":"2025-04-02T19:27:21.391Z"}
{"level":"info","message":"[Job 55cd7877-551e-457e-afb0-7dcec903aa52] Processed batch 1084: 100 new, 0 updated, 0 errors","timestamp":"2025-04-02T19:27:21.438Z"}
{"level":"info","message":"[Job 55cd7877-551e-457e-afb0-7dcec903aa52] Processed batch 1085: 100 new, 0 updated, 0 errors","timestamp":"2025-04-02T19:27:21.463Z"}
{"level":"info","message":"[Job 55cd7877-551e-457e-afb0-7dcec903aa52] Processed batch 1086: 100 new, 0 updated, 0 errors","timestamp":"2025-04-02T19:27:21.484Z"}
{"level":"info","message":"[Job 55cd7877-551e-457e-afb0-7dcec903aa52] Processed batch 1087: 100 new, 0 updated, 0 errors","timestamp":"2025-04-02T19:27:21.505Z"}
{"level":"info","message":"[Job 55cd7877-551e-457e-afb0-7dcec903aa52] Processed batch 1088: 100 new, 0 updated, 0 errors","timestamp":"2025-04-02T19:27:21.528Z"}
{"level":"info","message":"[Job 55cd7877-551e-457e-afb0-7dcec903aa52] Processed batch 1089: 100 new, 0 updated, 0 errors","timestamp":"2025-04-02T19:27:21.554Z"}
{"level":"info","message":"[Job 55cd7877-551e-457e-afb0-7dcec903aa52] Processed batch 1090: 100 new, 0 updated, 0 errors","timestamp":"2025-04-02T19:27:21.576Z"}
{"level":"info","message":"[Job 55cd7877-551e-457e-afb0-7dcec903aa52] Processed batch 1091: 100 new, 0 updated, 0 errors","timestamp":"2025-04-02T19:27:21.603Z"}
{"level":"info","message":"[Job 55cd7877-551e-457e-afb0-7dcec903aa52] Processed batch 1092: 99 new, 1 updated, 0 errors","timestamp":"2025-04-02T19:27:21.634Z"}
{"level":"info","message":"[Job 55cd7877-551e-457e-afb0-7dcec903aa52] Processed batch 1093: 100 new, 0 updated, 0 errors","timestamp":"2025-04-02T19:27:21.657Z"}
{"level":"info","message":"[Job 55cd7877-551e-457e-afb0-7dcec903aa52] Processed batch 1094: 100 new, 0 updated, 0 errors","timestamp":"2025-04-02T19:27:21.679Z"}
{"level":"info","message":"[Job 55cd7877-551e-457e-afb0-7dcec903aa52] Processed batch 1095: 100 new, 0 updated, 0 errors","timestamp":"2025-04-02T19:27:21.701Z"}
{"level":"info","message":"[Job 55cd7877-551e-457e-afb0-7dcec903aa52] Processed batch 1096: 100 new, 0 updated, 0 errors","timestamp":"2025-04-02T19:27:21.721Z"}
{"level":"info","message":"[Job 55cd7877-551e-457e-afb0-7dcec903aa52] Processed batch 1097: 100 new, 0 updated, 0 errors","timestamp":"2025-04-02T19:27:21.744Z"}
{"level":"info","message":"[Job 55cd7877-551e-457e-afb0-7dcec903aa52] Processed batch 1098: 100 new, 0 updated, 0 errors","timestamp":"2025-04-02T19:27:21.779Z"}
{"level":"info","message":"[Job 55cd7877-551e-457e-afb0-7dcec903aa52] Processed batch 1099: 100 new, 0 updated, 0 errors","timestamp":"2025-04-02T19:27:21.801Z"}
{"level":"info","message":"[Job 55cd7877-551e-457e-afb0-7dcec903aa52] Processed batch 1100: 100 new, 0 updated, 0 errors","timestamp":"2025-04-02T19:27:21.822Z"}
{"level":"info","message":"[Job 55cd7877-551e-457e-afb0-7dcec903aa52] Processed batch 1101: 100 new, 0 updated, 0 errors","timestamp":"2025-04-02T19:27:21.879Z"}
{"level":"info","message":"[Job 55cd7877-551e-457e-afb0-7dcec903aa52] Processed batch 1102: 100 new, 0 updated, 0 errors","timestamp":"2025-04-02T19:27:21.903Z"}
{"level":"info","message":"[Job 55cd7877-551e-457e-afb0-7dcec903aa52] Processed batch 1103: 100 new, 0 updated, 0 errors","timestamp":"2025-04-02T19:27:21.925Z"}
{"level":"info","message":"[Job 55cd7877-551e-457e-afb0-7dcec903aa52] Processed batch 1104: 100 new, 0 updated, 0 errors","timestamp":"2025-04-02T19:27:21.947Z"}
{"level":"info","message":"[Job 55cd7877-551e-457e-afb0-7dcec903aa52] Processed batch 1105: 100 new, 0 updated, 0 errors","timestamp":"2025-04-02T19:27:21.978Z"}
{"level":"info","message":"[Job 55cd7877-551e-457e-afb0-7dcec903aa52] Processed batch 1106: 100 new, 0 updated, 0 errors","timestamp":"2025-04-02T19:27:22.004Z"}
{"level":"info","message":"[Job 55cd7877-551e-457e-afb0-7dcec903aa52] Processed batch 1107: 100 new, 0 updated, 0 errors","timestamp":"2025-04-02T19:27:22.024Z"}
{"level":"info","message":"[Job 55cd7877-551e-457e-afb0-7dcec903aa52] Processed batch 1108: 100 new, 0 updated, 0 errors","timestamp":"2025-04-02T19:27:22.049Z"}
{"level":"info","message":"[Job 55cd7877-551e-457e-afb0-7dcec903aa52] Processed batch 1109: 100 new, 0 updated, 0 errors","timestamp":"2025-04-02T19:27:22.073Z"}
{"level":"info","message":"[Job 55cd7877-551e-457e-afb0-7dcec903aa52] Processed batch 1110: 100 new, 0 updated, 0 errors","timestamp":"2025-04-02T19:27:22.096Z"}
{"level":"info","message":"[Job 55cd7877-551e-457e-afb0-7dcec903aa52] Processed batch 1111: 100 new, 0 updated, 0 errors","timestamp":"2025-04-02T19:27:22.140Z"}
{"level":"info","message":"[Job 55cd7877-551e-457e-afb0-7dcec903aa52] Processed batch 1112: 100 new, 0 updated, 0 errors","timestamp":"2025-04-02T19:27:22.159Z"}
{"level":"info","message":"[Job 55cd7877-551e-457e-afb0-7dcec903aa52] Processed batch 1113: 100 new, 0 updated, 0 errors","timestamp":"2025-04-02T19:27:22.201Z"}
{"level":"info","message":"[Job 55cd7877-551e-457e-afb0-7dcec903aa52] Processed batch 1114: 100 new, 0 updated, 0 errors","timestamp":"2025-04-02T19:27:22.227Z"}
{"level":"info","message":"[Job 55cd7877-551e-457e-afb0-7dcec903aa52] Processed batch 1115: 100 new, 0 updated, 0 errors","timestamp":"2025-04-02T19:27:22.251Z"}
{"level":"info","message":"[Job 55cd7877-551e-457e-afb0-7dcec903aa52] Processed batch 1116: 100 new, 0 updated, 0 errors","timestamp":"2025-04-02T19:27:22.276Z"}
{"level":"info","message":"[Job 55cd7877-551e-457e-afb0-7dcec903aa52] Processed batch 1117: 100 new, 0 updated, 0 errors","timestamp":"2025-04-02T19:27:22.299Z"}
{"level":"info","message":"[Job 55cd7877-551e-457e-afb0-7dcec903aa52] Processed batch 1118: 100 new, 0 updated, 0 errors","timestamp":"2025-04-02T19:27:22.321Z"}
{"level":"info","message":"[Job 55cd7877-551e-457e-afb0-7dcec903aa52] Processed batch 1119: 100 new, 0 updated, 0 errors","timestamp":"2025-04-02T19:27:22.343Z"}
{"level":"info","message":"[Job 55cd7877-551e-457e-afb0-7dcec903aa52] Processed batch 1120: 100 new, 0 updated, 0 errors","timestamp":"2025-04-02T19:27:22.364Z"}
{"level":"info","message":"[Job 55cd7877-551e-457e-afb0-7dcec903aa52] Processed batch 1121: 100 new, 0 updated, 0 errors","timestamp":"2025-04-02T19:27:22.388Z"}
{"level":"info","message":"[Job 55cd7877-551e-457e-afb0-7dcec903aa52] Processed batch 1122: 100 new, 0 updated, 0 errors","timestamp":"2025-04-02T19:27:22.409Z"}
{"level":"info","message":"[Job 55cd7877-551e-457e-afb0-7dcec903aa52] Processed batch 1123: 100 new, 0 updated, 0 errors","timestamp":"2025-04-02T19:27:22.451Z"}
{"level":"info","message":"[Job 55cd7877-551e-457e-afb0-7dcec903aa52] Processed batch 1124: 100 new, 0 updated, 0 errors","timestamp":"2025-04-02T19:27:22.472Z"}
{"level":"info","message":"[Job 55cd7877-551e-457e-afb0-7dcec903aa52] Processed batch 1125: 100 new, 0 updated, 0 errors","timestamp":"2025-04-02T19:27:22.498Z"}
{"level":"info","message":"[Job 55cd7877-551e-457e-afb0-7dcec903aa52] Processed batch 1126: 100 new, 0 updated, 0 errors","timestamp":"2025-04-02T19:27:22.528Z"}
{"level":"info","message":"[Job 55cd7877-551e-457e-afb0-7dcec903aa52] Processed batch 1127: 100 new, 0 updated, 0 errors","timestamp":"2025-04-02T19:27:22.569Z"}
{"level":"info","message":"[Job 55cd7877-551e-457e-afb0-7dcec903aa52] Processed batch 1128: 100 new, 0 updated, 0 errors","timestamp":"2025-04-02T19:27:22.602Z"}
{"level":"info","message":"[Job 55cd7877-551e-457e-afb0-7dcec903aa52] Processed batch 1129: 100 new, 0 updated, 0 errors","timestamp":"2025-04-02T19:27:22.627Z"}
{"level":"info","message":"[Job 55cd7877-551e-457e-afb0-7dcec903aa52] Processed batch 1130: 100 new, 0 updated, 0 errors","timestamp":"2025-04-02T19:27:22.646Z"}
{"level":"info","message":"[Job 55cd7877-551e-457e-afb0-7dcec903aa52] Processed batch 1131: 100 new, 0 updated, 0 errors","timestamp":"2025-04-02T19:27:22.668Z"}
{"level":"info","message":"[Job 55cd7877-551e-457e-afb0-7dcec903aa52] Processed batch 1132: 100 new, 0 updated, 0 errors","timestamp":"2025-04-02T19:27:22.691Z"}
{"level":"info","message":"[Job 55cd7877-551e-457e-afb0-7dcec903aa52] Processed batch 1133: 100 new, 0 updated, 0 errors","timestamp":"2025-04-02T19:27:22.713Z"}
{"level":"info","message":"[Job 55cd7877-551e-457e-afb0-7dcec903aa52] Processed batch 1134: 100 new, 0 updated, 0 errors","timestamp":"2025-04-02T19:27:22.736Z"}
{"level":"info","message":"[Job 55cd7877-551e-457e-afb0-7dcec903aa52] Processed batch 1135: 100 new, 0 updated, 0 errors","timestamp":"2025-04-02T19:27:22.762Z"}
{"level":"info","message":"[Job 55cd7877-551e-457e-afb0-7dcec903aa52] Processed batch 1136: 100 new, 0 updated, 0 errors","timestamp":"2025-04-02T19:27:22.791Z"}
{"level":"info","message":"[Job 55cd7877-551e-457e-afb0-7dcec903aa52] Processed batch 1137: 100 new, 0 updated, 0 errors","timestamp":"2025-04-02T19:27:22.814Z"}
{"level":"info","message":"[Job 55cd7877-551e-457e-afb0-7dcec903aa52] Processed batch 1138: 99 new, 1 updated, 0 errors","timestamp":"2025-04-02T19:27:22.856Z"}
{"level":"info","message":"[Job 55cd7877-551e-457e-afb0-7dcec903aa52] Processed batch 1139: 100 new, 0 updated, 0 errors","timestamp":"2025-04-02T19:27:22.881Z"}
{"level":"info","message":"[Job 55cd7877-551e-457e-afb0-7dcec903aa52] Processed batch 1140: 100 new, 0 updated, 0 errors","timestamp":"2025-04-02T19:27:22.905Z"}
{"level":"info","message":"[Job 55cd7877-551e-457e-afb0-7dcec903aa52] Processed batch 1141: 99 new, 1 updated, 0 errors","timestamp":"2025-04-02T19:27:22.934Z"}
{"level":"info","message":"[Job 55cd7877-551e-457e-afb0-7dcec903aa52] Processed batch 1142: 100 new, 0 updated, 0 errors","timestamp":"2025-04-02T19:27:22.957Z"}
{"level":"info","message":"[Job 55cd7877-551e-457e-afb0-7dcec903aa52] Processed batch 1143: 100 new, 0 updated, 0 errors","timestamp":"2025-04-02T19:27:22.979Z"}
{"level":"info","message":"[Job 55cd7877-551e-457e-afb0-7dcec903aa52] Processed batch 1144: 100 new, 0 updated, 0 errors","timestamp":"2025-04-02T19:27:23.004Z"}
{"level":"info","message":"[Job 55cd7877-551e-457e-afb0-7dcec903aa52] Processed batch 1145: 100 new, 0 updated, 0 errors","timestamp":"2025-04-02T19:27:23.025Z"}
{"level":"info","message":"[Job 55cd7877-551e-457e-afb0-7dcec903aa52] Processed batch 1146: 100 new, 0 updated, 0 errors","timestamp":"2025-04-02T19:27:23.046Z"}
{"level":"info","message":"[Job 55cd7877-551e-457e-afb0-7dcec903aa52] Processed batch 1147: 100 new, 0 updated, 0 errors","timestamp":"2025-04-02T19:27:23.072Z"}
{"level":"info","message":"[Job 55cd7877-551e-457e-afb0-7dcec903aa52] Processed batch 1148: 100 new, 0 updated, 0 errors","timestamp":"2025-04-02T19:27:23.098Z"}
{"level":"info","message":"[Job 55cd7877-551e-457e-afb0-7dcec903aa52] Processed batch 1149: 100 new, 0 updated, 0 errors","timestamp":"2025-04-02T19:27:23.122Z"}
{"level":"info","message":"[Job 55cd7877-551e-457e-afb0-7dcec903aa52] Processed batch 1150: 100 new, 0 updated, 0 errors","timestamp":"2025-04-02T19:27:23.145Z"}
{"level":"info","message":"[Job 55cd7877-551e-457e-afb0-7dcec903aa52] Processed batch 1151: 100 new, 0 updated, 0 errors","timestamp":"2025-04-02T19:27:23.170Z"}
{"level":"info","message":"[Job 55cd7877-551e-457e-afb0-7dcec903aa52] Processed batch 1152: 100 new, 0 updated, 0 errors","timestamp":"2025-04-02T19:27:23.191Z"}
{"level":"info","message":"[Job 55cd7877-551e-457e-afb0-7dcec903aa52] Processed batch 1153: 100 new, 0 updated, 0 errors","timestamp":"2025-04-02T19:27:23.217Z"}
{"level":"info","message":"[Job 55cd7877-551e-457e-afb0-7dcec903aa52] Processed batch 1154: 100 new, 0 updated, 0 errors","timestamp":"2025-04-02T19:27:23.241Z"}
{"level":"info","message":"[Job 55cd7877-551e-457e-afb0-7dcec903aa52] Processed batch 1155: 100 new, 0 updated, 0 errors","timestamp":"2025-04-02T19:27:23.263Z"}
{"level":"info","message":"[Job 55cd7877-551e-457e-afb0-7dcec903aa52] Processed batch 1156: 100 new, 0 updated, 0 errors","timestamp":"2025-04-02T19:27:23.294Z"}
{"level":"info","message":"[Job 55cd7877-551e-457e-afb0-7dcec903aa52] Processed batch 1157: 100 new, 0 updated, 0 errors","timestamp":"2025-04-02T19:27:23.324Z"}
{"level":"info","message":"[Job 55cd7877-551e-457e-afb0-7dcec903aa52] Processed batch 1158: 100 new, 0 updated, 0 errors","timestamp":"2025-04-02T19:27:23.346Z"}
{"level":"info","message":"[Job 55cd7877-551e-457e-afb0-7dcec903aa52] Processed batch 1159: 100 new, 0 updated, 0 errors","timestamp":"2025-04-02T19:27:23.370Z"}
{"level":"info","message":"[Job 55cd7877-551e-457e-afb0-7dcec903aa52] Processed batch 1160: 100 new, 0 updated, 0 errors","timestamp":"2025-04-02T19:27:23.394Z"}
{"level":"info","message":"[Job 55cd7877-551e-457e-afb0-7dcec903aa52] Processed batch 1161: 100 new, 0 updated, 0 errors","timestamp":"2025-04-02T19:27:23.419Z"}
{"level":"info","message":"[Job 55cd7877-551e-457e-afb0-7dcec903aa52] Processed batch 1162: 100 new, 0 updated, 0 errors","timestamp":"2025-04-02T19:27:23.446Z"}
{"level":"info","message":"[Job 55cd7877-551e-457e-afb0-7dcec903aa52] Processed batch 1163: 100 new, 0 updated, 0 errors","timestamp":"2025-04-02T19:27:23.472Z"}
{"level":"info","message":"[Job 55cd7877-551e-457e-afb0-7dcec903aa52] Processed batch 1164: 100 new, 0 updated, 0 errors","timestamp":"2025-04-02T19:27:23.497Z"}
{"level":"info","message":"[Job 55cd7877-551e-457e-afb0-7dcec903aa52] Processed batch 1165: 100 new, 0 updated, 0 errors","timestamp":"2025-04-02T19:27:23.526Z"}
{"level":"info","message":"[Job 55cd7877-551e-457e-afb0-7dcec903aa52] Processed batch 1166: 100 new, 0 updated, 0 errors","timestamp":"2025-04-02T19:27:23.547Z"}
{"level":"info","message":"[Job 55cd7877-551e-457e-afb0-7dcec903aa52] Processed batch 1167: 100 new, 0 updated, 0 errors","timestamp":"2025-04-02T19:27:23.573Z"}
{"level":"info","message":"[Job 55cd7877-551e-457e-afb0-7dcec903aa52] Processed batch 1168: 100 new, 0 updated, 0 errors","timestamp":"2025-04-02T19:27:23.598Z"}
{"level":"info","message":"[Job 55cd7877-551e-457e-afb0-7dcec903aa52] Processed batch 1169: 100 new, 0 updated, 0 errors","timestamp":"2025-04-02T19:27:23.624Z"}
{"level":"info","message":"[Job 55cd7877-551e-457e-afb0-7dcec903aa52] Processed batch 1170: 100 new, 0 updated, 0 errors","timestamp":"2025-04-02T19:27:23.656Z"}
{"level":"info","message":"[Job 55cd7877-551e-457e-afb0-7dcec903aa52] Processed batch 1171: 100 new, 0 updated, 0 errors","timestamp":"2025-04-02T19:27:23.682Z"}
{"level":"info","message":"[Job 55cd7877-551e-457e-afb0-7dcec903aa52] Processed batch 1172: 100 new, 0 updated, 0 errors","timestamp":"2025-04-02T19:27:23.706Z"}
{"level":"info","message":"[Job 55cd7877-551e-457e-afb0-7dcec903aa52] Processed batch 1173: 100 new, 0 updated, 0 errors","timestamp":"2025-04-02T19:27:23.728Z"}
{"level":"info","message":"[Job 55cd7877-551e-457e-afb0-7dcec903aa52] Processed batch 1174: 100 new, 0 updated, 0 errors","timestamp":"2025-04-02T19:27:23.747Z"}
{"level":"info","message":"[Job 55cd7877-551e-457e-afb0-7dcec903aa52] Processed batch 1175: 100 new, 0 updated, 0 errors","timestamp":"2025-04-02T19:27:23.772Z"}
{"level":"info","message":"[Job 55cd7877-551e-457e-afb0-7dcec903aa52] Processed batch 1176: 100 new, 0 updated, 0 errors","timestamp":"2025-04-02T19:27:23.796Z"}
{"level":"info","message":"[Job 55cd7877-551e-457e-afb0-7dcec903aa52] Processed batch 1177: 100 new, 0 updated, 0 errors","timestamp":"2025-04-02T19:27:23.821Z"}
{"level":"info","message":"[Job 55cd7877-551e-457e-afb0-7dcec903aa52] Processed batch 1178: 100 new, 0 updated, 0 errors","timestamp":"2025-04-02T19:27:23.844Z"}
{"level":"info","message":"[Job 55cd7877-551e-457e-afb0-7dcec903aa52] Processed batch 1179: 100 new, 0 updated, 0 errors","timestamp":"2025-04-02T19:27:23.874Z"}
{"level":"info","message":"[Job 55cd7877-551e-457e-afb0-7dcec903aa52] Processed batch 1180: 100 new, 0 updated, 0 errors","timestamp":"2025-04-02T19:27:23.898Z"}
{"level":"info","message":"[Job 55cd7877-551e-457e-afb0-7dcec903aa52] Processed batch 1181: 100 new, 0 updated, 0 errors","timestamp":"2025-04-02T19:27:23.922Z"}
{"level":"info","message":"[Job 55cd7877-551e-457e-afb0-7dcec903aa52] Processed batch 1182: 100 new, 0 updated, 0 errors","timestamp":"2025-04-02T19:27:23.944Z"}
{"level":"info","message":"[Job 55cd7877-551e-457e-afb0-7dcec903aa52] Processed batch 1183: 100 new, 0 updated, 0 errors","timestamp":"2025-04-02T19:27:23.966Z"}
{"level":"info","message":"[Job 55cd7877-551e-457e-afb0-7dcec903aa52] Processed batch 1184: 100 new, 0 updated, 0 errors","timestamp":"2025-04-02T19:27:23.993Z"}
{"level":"info","message":"[Job 55cd7877-551e-457e-afb0-7dcec903aa52] Processed batch 1185: 100 new, 0 updated, 0 errors","timestamp":"2025-04-02T19:27:24.226Z"}
{"level":"info","message":"[Job 55cd7877-551e-457e-afb0-7dcec903aa52] Processed batch 1186: 100 new, 0 updated, 0 errors","timestamp":"2025-04-02T19:27:24.257Z"}
{"level":"info","message":"[Job 55cd7877-551e-457e-afb0-7dcec903aa52] Processed batch 1187: 100 new, 0 updated, 0 errors","timestamp":"2025-04-02T19:27:24.287Z"}
{"level":"info","message":"[Job 55cd7877-551e-457e-afb0-7dcec903aa52] Processed batch 1188: 100 new, 0 updated, 0 errors","timestamp":"2025-04-02T19:27:24.314Z"}
{"level":"info","message":"[Job 55cd7877-551e-457e-afb0-7dcec903aa52] Processed batch 1189: 100 new, 0 updated, 0 errors","timestamp":"2025-04-02T19:27:24.342Z"}
{"level":"info","message":"[Job 55cd7877-551e-457e-afb0-7dcec903aa52] Processed batch 1190: 100 new, 0 updated, 0 errors","timestamp":"2025-04-02T19:27:24.370Z"}
{"level":"info","message":"[Job 55cd7877-551e-457e-afb0-7dcec903aa52] Processed batch 1191: 100 new, 0 updated, 0 errors","timestamp":"2025-04-02T19:27:24.396Z"}
{"level":"info","message":"[Job 55cd7877-551e-457e-afb0-7dcec903aa52] Processed batch 1192: 100 new, 0 updated, 0 errors","timestamp":"2025-04-02T19:27:24.425Z"}
{"level":"info","message":"[Job 55cd7877-551e-457e-afb0-7dcec903aa52] Processed batch 1193: 100 new, 0 updated, 0 errors","timestamp":"2025-04-02T19:27:24.456Z"}
{"level":"info","message":"[Job 55cd7877-551e-457e-afb0-7dcec903aa52] Processed batch 1194: 100 new, 0 updated, 0 errors","timestamp":"2025-04-02T19:27:24.479Z"}
{"level":"info","message":"[Job 55cd7877-551e-457e-afb0-7dcec903aa52] Processed batch 1195: 100 new, 0 updated, 0 errors","timestamp":"2025-04-02T19:27:24.509Z"}
{"level":"info","message":"[Job 55cd7877-551e-457e-afb0-7dcec903aa52] Processed batch 1196: 100 new, 0 updated, 0 errors","timestamp":"2025-04-02T19:27:24.539Z"}
{"level":"info","message":"[Job 55cd7877-551e-457e-afb0-7dcec903aa52] Processed batch 1197: 100 new, 0 updated, 0 errors","timestamp":"2025-04-02T19:27:24.572Z"}
{"level":"info","message":"[Job 55cd7877-551e-457e-afb0-7dcec903aa52] Processed batch 1198: 100 new, 0 updated, 0 errors","timestamp":"2025-04-02T19:27:24.604Z"}
{"level":"info","message":"[Job 55cd7877-551e-457e-afb0-7dcec903aa52] Processed batch 1199: 100 new, 0 updated, 0 errors","timestamp":"2025-04-02T19:27:24.657Z"}
{"level":"info","message":"[Job 55cd7877-551e-457e-afb0-7dcec903aa52] Processed batch 1200: 100 new, 0 updated, 0 errors","timestamp":"2025-04-02T19:27:24.694Z"}
{"level":"info","message":"[Job 55cd7877-551e-457e-afb0-7dcec903aa52] Processed batch 1201: 100 new, 0 updated, 0 errors","timestamp":"2025-04-02T19:27:24.733Z"}
{"level":"info","message":"[Job 55cd7877-551e-457e-afb0-7dcec903aa52] Processed batch 1202: 100 new, 0 updated, 0 errors","timestamp":"2025-04-02T19:27:24.762Z"}
{"level":"info","message":"[Job 55cd7877-551e-457e-afb0-7dcec903aa52] Processed batch 1203: 100 new, 0 updated, 0 errors","timestamp":"2025-04-02T19:27:24.796Z"}
{"level":"info","message":"[Job 55cd7877-551e-457e-afb0-7dcec903aa52] Processed batch 1204: 100 new, 0 updated, 0 errors","timestamp":"2025-04-02T19:27:24.830Z"}
{"level":"info","message":"[Job 55cd7877-551e-457e-afb0-7dcec903aa52] Processed batch 1205: 100 new, 0 updated, 0 errors","timestamp":"2025-04-02T19:27:24.898Z"}
{"level":"info","message":"[Job 55cd7877-551e-457e-afb0-7dcec903aa52] Processed batch 1206: 100 new, 0 updated, 0 errors","timestamp":"2025-04-02T19:27:24.946Z"}
{"level":"info","message":"[Job 55cd7877-551e-457e-afb0-7dcec903aa52] Processed batch 1207: 100 new, 0 updated, 0 errors","timestamp":"2025-04-02T19:27:24.993Z"}
{"level":"info","message":"[Job 55cd7877-551e-457e-afb0-7dcec903aa52] Processed batch 1208: 100 new, 0 updated, 0 errors","timestamp":"2025-04-02T19:27:25.026Z"}
{"level":"info","message":"[Job 55cd7877-551e-457e-afb0-7dcec903aa52] Processed batch 1209: 100 new, 0 updated, 0 errors","timestamp":"2025-04-02T19:27:25.061Z"}
{"level":"info","message":"[Job 55cd7877-551e-457e-afb0-7dcec903aa52] Processed batch 1210: 100 new, 0 updated, 0 errors","timestamp":"2025-04-02T19:27:25.107Z"}
{"level":"info","message":"[Job 55cd7877-551e-457e-afb0-7dcec903aa52] Processed batch 1211: 100 new, 0 updated, 0 errors","timestamp":"2025-04-02T19:27:25.143Z"}
{"level":"info","message":"[Job 55cd7877-551e-457e-afb0-7dcec903aa52] Processed final batch 1212: 44 new, 0 updated, 0 errors","timestamp":"2025-04-02T19:27:25.170Z"}
{"level":"info","message":"[Job 55cd7877-551e-457e-afb0-7dcec903aa52] Processing completed: 121144 total, 121119 new, 25 updated, 0 errors","timestamp":"2025-04-02T19:27:25.171Z"}
{"level":"info","message":"File 07a8a93b-6804-4cc8-953b-7195d2d337db-direct_mail_apr_2025-Ready.csv processed successfully and moved to /uploads/processed/07a8a93b-6804-4cc8-953b-7195d2d337db-direct_mail_apr_2025-Ready.csv","timestamp":"2025-04-02T19:27:25.208Z"}
{"level":"info","message":"GET /","timestamp":"2025-04-02T19:27:47.818Z"}
{"level":"info","message":"GET /static/js/main.f8cf641a.js","timestamp":"2025-04-02T19:27:48.129Z"}
{"level":"info","message":"GET /static/css/main.e6c13ad2.css","timestamp":"2025-04-02T19:27:48.142Z"}
{"level":"info","message":"GET /api/properties?page=1&limit=20","timestamp":"2025-04-02T19:27:48.561Z"}
{"level":"info","message":"GET /search","timestamp":"2025-04-02T19:27:58.293Z"}
{"level":"info","message":"GET /static/js/main.f8cf641a.js","timestamp":"2025-04-02T19:27:58.455Z"}
{"level":"info","message":"GET /static/css/main.e6c13ad2.css","timestamp":"2025-04-02T19:27:58.461Z"}
{"level":"info","message":"GET /api/properties?page=1&limit=20","timestamp":"2025-04-02T19:27:58.607Z"}
{"level":"info","message":"GET /favicon.png","timestamp":"2025-04-02T19:27:58.949Z"}
{"level":"info","message":"GET /search","timestamp":"2025-04-02T19:28:38.322Z"}
{"level":"info","message":"GET /static/js/main.f8cf641a.js","timestamp":"2025-04-02T19:28:38.524Z"}
{"level":"info","message":"GET /static/css/main.e6c13ad2.css","timestamp":"2025-04-02T19:28:38.541Z"}
{"level":"info","message":"GET /api/properties?page=1&limit=20","timestamp":"2025-04-02T19:28:38.773Z"}
{"level":"info","message":"GET /favicon.png","timestamp":"2025-04-02T19:28:38.999Z"}
{"level":"info","message":"GET /search","timestamp":"2025-04-02T19:30:52.908Z"}
{"level":"info","message":"GET /static/js/main.f8cf641a.js","timestamp":"2025-04-02T19:30:53.166Z"}
{"level":"info","message":"GET /static/css/main.e6c13ad2.css","timestamp":"2025-04-02T19:30:53.184Z"}
{"level":"info","message":"GET /api/properties?page=1&limit=20","timestamp":"2025-04-02T19:30:53.378Z"}
{"level":"info","message":"GET /static/css/main.e6c13ad2.css","timestamp":"2025-04-02T19:30:57.178Z"}
{"level":"info","message":"GET /static/css/main.e6c13ad2.css.map","timestamp":"2025-04-02T19:30:57.952Z"}
{"level":"info","message":"GET /static/js/main.f8cf641a.js.map","timestamp":"2025-04-02T19:30:58.044Z"}
{"level":"info","message":"GET /","timestamp":"2025-04-02T19:35:38.410Z"}
{"level":"info","message":"GET /static/js/main.f8cf641a.js","timestamp":"2025-04-02T19:35:38.686Z"}
{"level":"info","message":"GET /static/css/main.e6c13ad2.css","timestamp":"2025-04-02T19:35:38.716Z"}
{"level":"info","message":"GET /api/properties?page=1&limit=20","timestamp":"2025-04-02T19:35:39.423Z"}
{"level":"info","message":"[PropertyController] getAllProperties result: {\"rows\":[{\"id\":1,\"first_name\":\"Current Homeowner\",\"last_name\":null,\"property_address\":\"14 Belair Rd\",\"property_city\":\"Selden\",\"property_state\":\"NY\",\"property_zip\":\"11784\",\"offer\":\"476174.00\",\"created_at\":\"2025-04-02T19:26:37.681Z\",\"updated_at\":\"2025-04-02T19:26:37.681Z\"},{\"id\":2,\"first_name\":\"Margaret\",\"last_name\":\"A\",\"property_address\":\"847 S Walnut St\",\"property_city\":\"Lindenhurst\",\"property_state\":\"NY\",\"property_zip\":\"11757\",\"offer\":\"455674.00\",\"created_at\":\"2025-04-02T19:26:37.681Z\",\"updated_at\":\"2025-04-02T19:26:37.681Z\"},{\"id\":3,\"first_name\":\"Denise\",\"last_name\":\"A\",\"property_address\":\"343 N 4th St # 345\",\"property_city\":\"Lindenhurst\",\"property_state\":\"NY\",\"property_zip\":\"11757\",\"offer\":\"0.00\",\"created_at\":\"2025-04-02T19:26:37.682Z\",\"updated_at\":\"2025-04-02T19:26:37.682Z\"},{\"id\":4,\"first_name\":\"Thomas\",\"last_name\":\"A\",\"property_address\":\"2041 Shelley Pl\",\"property_city\":\"East Meadow\",\"property_state\":\"NY\",\"property_zip\":\"11554\",\"offer\":\"542512.00\",\"created_at\":\"2025-04-02T19:26:37.682Z\",\"updated_at\":\"2025-04-02T19:26:37.682Z\"},{\"id\":5,\"first_name\":\"Current Homeowner\",\"last_name\":null,\"property_address\":\"889 Peconic Ave\",\"property_city\":\"West Babylon\",\"property_state\":\"NY\",\"property_zip\":\"11704\",\"offer\":\"509220.00\",\"created_at\":\"2025-04-02T19:26:37.682Z\",\"updated_at\":\"2025-04-02T19:26:37.682Z\"},{\"id\":6,\"first_name\":\"Efrain\",\"last_name\":\"A\",\"property_address\":\"181 Lafayette Rd\",\"property_city\":\"West Babylon\",\"property_state\":\"NY\",\"property_zip\":\"11704\",\"offer\":\"560552.00\",\"created_at\":\"2025-04-02T19:26:37.682Z\",\"updated_at\":\"2025-04-02T19:26:37.682Z\"},{\"id\":7,\"first_name\":\"Edward\",\"last_name\":\"A\",\"property_address\":\"60 James St # 62\",\"property_city\":\"Babylon\",\"property_state\":\"NY\",\"property_zip\":\"11702\",\"offer\":\"574328.00\",\"created_at\":\"2025-04-02T19:26:37.682Z\",\"updated_at\":\"2025-04-02T19:26:37.682Z\"},{\"id\":8,\"first_name\":\"Stephen\",\"last_name\":\"A\",\"property_address\":\"574 8th St\",\"property_city\":\"West Hempstead\",\"property_state\":\"NY\",\"property_zip\":\"11552\",\"offer\":\"652638.00\",\"created_at\":\"2025-04-02T19:26:37.682Z\",\"updated_at\":\"2025-04-02T19:26:37.682Z\"},{\"id\":9,\"first_name\":\"Patricia\",\"last_name\":\"A\",\"property_address\":\"457 Half Hollow Rd\",\"property_city\":\"Deer Park\",\"property_state\":\"NY\",\"property_zip\":\"11729\",\"offer\":\"586628.00\",\"created_at\":\"2025-04-02T19:26:37.682Z\",\"updated_at\":\"2025-04-02T19:26:37.682Z\"},{\"id\":10,\"first_name\":\"Aura\",\"last_name\":\"A\",\"property_address\":\"150 Dixon Ave\",\"property_city\":\"Amityville\",\"property_state\":\"NY\",\"property_zip\":\"11701\",\"offer\":\"434764.00\",\"created_at\":\"2025-04-02T19:26:37.682Z\",\"updated_at\":\"2025-04-02T19:26:37.682Z\"},{\"id\":11,\"first_name\":\"Erasmo\",\"last_name\":\"A\",\"property_address\":\"145 Vespucci Ave\",\"property_city\":\"Copiague\",\"property_state\":\"NY\",\"property_zip\":\"11726\",\"offer\":\"478060.00\",\"created_at\":\"2025-04-02T19:26:37.682Z\",\"updated_at\":\"2025-04-02T19:26:37.682Z\"},{\"id\":12,\"first_name\":\"Current Homeowner\",\"last_name\":null,\"property_address\":\"541 S 6th St\",\"property_city\":\"Lindenhurst\",\"property_state\":\"NY\",\"property_zip\":\"11757\",\"offer\":\"479208.00\",\"created_at\":\"2025-04-02T19:26:37.682Z\",\"updated_at\":\"2025-04-02T19:26:37.682Z\"},{\"id\":13,\"first_name\":\"Current Homeowner\",\"last_name\":null,\"property_address\":\"10 Tappan Ave\",\"property_city\":\"Babylon\",\"property_state\":\"NY\",\"property_zip\":\"11702\",\"offer\":\"527670.00\",\"created_at\":\"2025-04-02T19:26:37.682Z\",\"updated_at\":\"2025-04-02T19:26:37.682Z\"},{\"id\":14,\"first_name\":\"Current Homeowner\",\"last_name\":null,\"property_address\":\"300 Commack Rd\",\"property_city\":\"Shirley\",\"property_state\":\"NY\",\"property_zip\":\"11967\",\"offer\":\"382612.00\",\"created_at\":\"2025-04-02T19:26:37.682Z\",\"updated_at\":\"2025-04-02T19:26:37.682Z\"},{\"id\":15,\"first_name\":\"Current Homeowner\",\"last_name\":null,\"property_address\":\"30 N Swezeytown Rd\",\"property_city\":\"Middle Island\",\"property_state\":\"NY\",\"property_zip\":\"11953\",\"offer\":\"318898.00\",\"created_at\":\"2025-04-02T19:26:37.682Z\",\"updated_at\":\"2025-04-02T19:26:37.682Z\"},{\"id\":16,\"first_name\":\"Current Homeowner\",\"last_name\":null,\"property_address\":\"14 Mannes St\",\"property_city\":\"Ronkonkoma\",\"property_state\":\"NY\",\"property_zip\":\"11779\",\"offer\":\"534558.00\",\"created_at\":\"2025-04-02T19:26:37.682Z\",\"updated_at\":\"2025-04-02T19:26:37.682Z\"},{\"id\":17,\"first_name\":\"Current Homeowner\",\"last_name\":null,\"property_address\":\"288 South St\",\"property_city\":\"Manorville\",\"property_state\":\"NY\",\"property_zip\":\"11949\",\"offer\":\"297578.00\",\"created_at\":\"2025-04-02T19:26:37.682Z\",\"updated_at\":\"2025-04-02T19:26:37.682Z\"},{\"id\":18,\"first_name\":\"Current Homeowner\",\"last_name\":null,\"property_address\":\"112 Pine Rd\",\"property_city\":\"Mastic Beach\",\"property_state\":\"NY\",\"property_zip\":\"11951\",\"offer\":\"359078.00\",\"created_at\":\"2025-04-02T19:26:37.682Z\",\"updated_at\":\"2025-04-02T19:26:37.682Z\"},{\"id\":19,\"first_name\":\"Current Homeowner\",\"last_name\":null,\"property_address\":\"35 Patchogue Ave\",\"property_city\":\"Mastic\",\"property_state\":\"NY\",\"property_zip\":\"11950\",\"offer\":\"386384.00\",\"created_at\":\"2025-04-02T19:26:37.682Z\",\"updated_at\":\"2025-04-02T19:26:37.682Z\"},{\"id\":20,\"first_name\":\"Current Homeowner\",\"last_name\":null,\"property_address\":\"1595 Bay Shore Rd\",\"property_city\":\"Greenport\",\"property_state\":\"NY\",\"property_zip\":\"11944\",\"offer\":\"1477066.00\",\"created_at\":\"2025-04-02T19:26:37.682Z\",\"updated_at\":\"2025-04-02T19:26:37.682Z\"}],\"count\":121144,\"totalPages\":6058,\"currentPage\":1}","timestamp":"2025-04-02T19:35:39.437Z"}
{"level":"info","message":"[PropertyController] Transformed to camelCase: {\"rows\":[{\"id\":1,\"firstName\":\"Current Homeowner\",\"lastName\":null,\"propertyAddress\":\"14 Belair Rd\",\"propertyCity\":\"Selden\",\"propertyState\":\"NY\",\"propertyZip\":\"11784\",\"offer\":\"476174.00\",\"createdAt\":\"2025-04-02T19:26:37.681Z\",\"updatedAt\":\"2025-04-02T19:26:37.681Z\"},{\"id\":2,\"firstName\":\"Margaret\",\"lastName\":\"A\",\"propertyAddress\":\"847 S Walnut St\",\"propertyCity\":\"Lindenhurst\",\"propertyState\":\"NY\",\"propertyZip\":\"11757\",\"offer\":\"455674.00\",\"createdAt\":\"2025-04-02T19:26:37.681Z\",\"updatedAt\":\"2025-04-02T19:26:37.681Z\"},{\"id\":3,\"firstName\":\"Denise\",\"lastName\":\"A\",\"propertyAddress\":\"343 N 4th St # 345\",\"propertyCity\":\"Lindenhurst\",\"propertyState\":\"NY\",\"propertyZip\":\"11757\",\"offer\":\"0.00\",\"createdAt\":\"2025-04-02T19:26:37.682Z\",\"updatedAt\":\"2025-04-02T19:26:37.682Z\"},{\"id\":4,\"firstName\":\"Thomas\",\"lastName\":\"A\",\"propertyAddress\":\"2041 Shelley Pl\",\"propertyCity\":\"East Meadow\",\"propertyState\":\"NY\",\"propertyZip\":\"11554\",\"offer\":\"542512.00\",\"createdAt\":\"2025-04-02T19:26:37.682Z\",\"updatedAt\":\"2025-04-02T19:26:37.682Z\"},{\"id\":5,\"firstName\":\"Current Homeowner\",\"lastName\":null,\"propertyAddress\":\"889 Peconic Ave\",\"propertyCity\":\"West Babylon\",\"propertyState\":\"NY\",\"propertyZip\":\"11704\",\"offer\":\"509220.00\",\"createdAt\":\"2025-04-02T19:26:37.682Z\",\"updatedAt\":\"2025-04-02T19:26:37.682Z\"},{\"id\":6,\"firstName\":\"Efrain\",\"lastName\":\"A\",\"propertyAddress\":\"181 Lafayette Rd\",\"propertyCity\":\"West Babylon\",\"propertyState\":\"NY\",\"propertyZip\":\"11704\",\"offer\":\"560552.00\",\"createdAt\":\"2025-04-02T19:26:37.682Z\",\"updatedAt\":\"2025-04-02T19:26:37.682Z\"},{\"id\":7,\"firstName\":\"Edward\",\"lastName\":\"A\",\"propertyAddress\":\"60 James St # 62\",\"propertyCity\":\"Babylon\",\"propertyState\":\"NY\",\"propertyZip\":\"11702\",\"offer\":\"574328.00\",\"createdAt\":\"2025-04-02T19:26:37.682Z\",\"updatedAt\":\"2025-04-02T19:26:37.682Z\"},{\"id\":8,\"firstName\":\"Stephen\",\"lastName\":\"A\",\"propertyAddress\":\"574 8th St\",\"propertyCity\":\"West Hempstead\",\"propertyState\":\"NY\",\"propertyZip\":\"11552\",\"offer\":\"652638.00\",\"createdAt\":\"2025-04-02T19:26:37.682Z\",\"updatedAt\":\"2025-04-02T19:26:37.682Z\"},{\"id\":9,\"firstName\":\"Patricia\",\"lastName\":\"A\",\"propertyAddress\":\"457 Half Hollow Rd\",\"propertyCity\":\"Deer Park\",\"propertyState\":\"NY\",\"propertyZip\":\"11729\",\"offer\":\"586628.00\",\"createdAt\":\"2025-04-02T19:26:37.682Z\",\"updatedAt\":\"2025-04-02T19:26:37.682Z\"},{\"id\":10,\"firstName\":\"Aura\",\"lastName\":\"A\",\"propertyAddress\":\"150 Dixon Ave\",\"propertyCity\":\"Amityville\",\"propertyState\":\"NY\",\"propertyZip\":\"11701\",\"offer\":\"434764.00\",\"createdAt\":\"2025-04-02T19:26:37.682Z\",\"updatedAt\":\"2025-04-02T19:26:37.682Z\"},{\"id\":11,\"firstName\":\"Erasmo\",\"lastName\":\"A\",\"propertyAddress\":\"145 Vespucci Ave\",\"propertyCity\":\"Copiague\",\"propertyState\":\"NY\",\"propertyZip\":\"11726\",\"offer\":\"478060.00\",\"createdAt\":\"2025-04-02T19:26:37.682Z\",\"updatedAt\":\"2025-04-02T19:26:37.682Z\"},{\"id\":12,\"firstName\":\"Current Homeowner\",\"lastName\":null,\"propertyAddress\":\"541 S 6th St\",\"propertyCity\":\"Lindenhurst\",\"propertyState\":\"NY\",\"propertyZip\":\"11757\",\"offer\":\"479208.00\",\"createdAt\":\"2025-04-02T19:26:37.682Z\",\"updatedAt\":\"2025-04-02T19:26:37.682Z\"},{\"id\":13,\"firstName\":\"Current Homeowner\",\"lastName\":null,\"propertyAddress\":\"10 Tappan Ave\",\"propertyCity\":\"Babylon\",\"propertyState\":\"NY\",\"propertyZip\":\"11702\",\"offer\":\"527670.00\",\"createdAt\":\"2025-04-02T19:26:37.682Z\",\"updatedAt\":\"2025-04-02T19:26:37.682Z\"},{\"id\":14,\"firstName\":\"Current Homeowner\",\"lastName\":null,\"propertyAddress\":\"300 Commack Rd\",\"propertyCity\":\"Shirley\",\"propertyState\":\"NY\",\"propertyZip\":\"11967\",\"offer\":\"382612.00\",\"createdAt\":\"2025-04-02T19:26:37.682Z\",\"updatedAt\":\"2025-04-02T19:26:37.682Z\"},{\"id\":15,\"firstName\":\"Current Homeowner\",\"lastName\":null,\"propertyAddress\":\"30 N Swezeytown Rd\",\"propertyCity\":\"Middle Island\",\"propertyState\":\"NY\",\"propertyZip\":\"11953\",\"offer\":\"318898.00\",\"createdAt\":\"2025-04-02T19:26:37.682Z\",\"updatedAt\":\"2025-04-02T19:26:37.682Z\"},{\"id\":16,\"firstName\":\"Current Homeowner\",\"lastName\":null,\"propertyAddress\":\"14 Mannes St\",\"propertyCity\":\"Ronkonkoma\",\"propertyState\":\"NY\",\"propertyZip\":\"11779\",\"offer\":\"534558.00\",\"createdAt\":\"2025-04-02T19:26:37.682Z\",\"updatedAt\":\"2025-04-02T19:26:37.682Z\"},{\"id\":17,\"firstName\":\"Current Homeowner\",\"lastName\":null,\"propertyAddress\":\"288 South St\",\"propertyCity\":\"Manorville\",\"propertyState\":\"NY\",\"propertyZip\":\"11949\",\"offer\":\"297578.00\",\"createdAt\":\"2025-04-02T19:26:37.682Z\",\"updatedAt\":\"2025-04-02T19:26:37.682Z\"},{\"id\":18,\"firstName\":\"Current Homeowner\",\"lastName\":null,\"propertyAddress\":\"112 Pine Rd\",\"propertyCity\":\"Mastic Beach\",\"propertyState\":\"NY\",\"propertyZip\":\"11951\",\"offer\":\"359078.00\",\"createdAt\":\"2025-04-02T19:26:37.682Z\",\"updatedAt\":\"2025-04-02T19:26:37.682Z\"},{\"id\":19,\"firstName\":\"Current Homeowner\",\"lastName\":null,\"propertyAddress\":\"35 Patchogue Ave\",\"propertyCity\":\"Mastic\",\"propertyState\":\"NY\",\"propertyZip\":\"11950\",\"offer\":\"386384.00\",\"createdAt\":\"2025-04-02T19:26:37.682Z\",\"updatedAt\":\"2025-04-02T19:26:37.682Z\"},{\"id\":20,\"firstName\":\"Current Homeowner\",\"lastName\":null,\"propertyAddress\":\"1595 Bay Shore Rd\",\"propertyCity\":\"Greenport\",\"propertyState\":\"NY\",\"propertyZip\":\"11944\",\"offer\":\"1477066.00\",\"createdAt\":\"2025-04-02T19:26:37.682Z\",\"updatedAt\":\"2025-04-02T19:26:37.682Z\"}],\"count\":121144,\"totalPages\":6058,\"currentPage\":1}","timestamp":"2025-04-02T19:35:39.442Z"}
{"level":"info","message":"GET /api/stats/system","timestamp":"2025-04-02T19:37:59.495Z"}
{"level":"info","message":"GET /","timestamp":"2025-04-02T19:38:17.119Z"}
{"level":"info","message":"GET /static/js/main.f8cf641a.js","timestamp":"2025-04-02T19:38:17.488Z"}
{"level":"info","message":"GET /static/css/main.e6c13ad2.css","timestamp":"2025-04-02T19:38:17.508Z"}
{"level":"info","message":"GET /api/properties?page=1&limit=20","timestamp":"2025-04-02T19:38:18.113Z"}
{"level":"info","message":"GET /api/properties?page=1&limit=20","timestamp":"2025-04-02T20:07:48.835Z"}
{"level":"info","message":"[PropertyController] getAllProperties result: {\"rows\":[{\"id\":1,\"first_name\":\"Current Homeowner\",\"last_name\":null,\"property_address\":\"14 Belair Rd\",\"property_city\":\"Selden\",\"property_state\":\"NY\",\"property_zip\":\"11784\",\"offer\":\"476174.00\",\"created_at\":\"2025-04-02T19:26:37.681Z\",\"updated_at\":\"2025-04-02T19:26:37.681Z\"},{\"id\":2,\"first_name\":\"Margaret\",\"last_name\":\"A\",\"property_address\":\"847 S Walnut St\",\"property_city\":\"Lindenhurst\",\"property_state\":\"NY\",\"property_zip\":\"11757\",\"offer\":\"455674.00\",\"created_at\":\"2025-04-02T19:26:37.681Z\",\"updated_at\":\"2025-04-02T19:26:37.681Z\"},{\"id\":3,\"first_name\":\"Denise\",\"last_name\":\"A\",\"property_address\":\"343 N 4th St # 345\",\"property_city\":\"Lindenhurst\",\"property_state\":\"NY\",\"property_zip\":\"11757\",\"offer\":\"0.00\",\"created_at\":\"2025-04-02T19:26:37.682Z\",\"updated_at\":\"2025-04-02T19:26:37.682Z\"},{\"id\":4,\"first_name\":\"Thomas\",\"last_name\":\"A\",\"property_address\":\"2041 Shelley Pl\",\"property_city\":\"East Meadow\",\"property_state\":\"NY\",\"property_zip\":\"11554\",\"offer\":\"542512.00\",\"created_at\":\"2025-04-02T19:26:37.682Z\",\"updated_at\":\"2025-04-02T19:26:37.682Z\"},{\"id\":5,\"first_name\":\"Current Homeowner\",\"last_name\":null,\"property_address\":\"889 Peconic Ave\",\"property_city\":\"West Babylon\",\"property_state\":\"NY\",\"property_zip\":\"11704\",\"offer\":\"509220.00\",\"created_at\":\"2025-04-02T19:26:37.682Z\",\"updated_at\":\"2025-04-02T19:26:37.682Z\"},{\"id\":6,\"first_name\":\"Efrain\",\"last_name\":\"A\",\"property_address\":\"181 Lafayette Rd\",\"property_city\":\"West Babylon\",\"property_state\":\"NY\",\"property_zip\":\"11704\",\"offer\":\"560552.00\",\"created_at\":\"2025-04-02T19:26:37.682Z\",\"updated_at\":\"2025-04-02T19:26:37.682Z\"},{\"id\":7,\"first_name\":\"Edward\",\"last_name\":\"A\",\"property_address\":\"60 James St # 62\",\"property_city\":\"Babylon\",\"property_state\":\"NY\",\"property_zip\":\"11702\",\"offer\":\"574328.00\",\"created_at\":\"2025-04-02T19:26:37.682Z\",\"updated_at\":\"2025-04-02T19:26:37.682Z\"},{\"id\":8,\"first_name\":\"Stephen\",\"last_name\":\"A\",\"property_address\":\"574 8th St\",\"property_city\":\"West Hempstead\",\"property_state\":\"NY\",\"property_zip\":\"11552\",\"offer\":\"652638.00\",\"created_at\":\"2025-04-02T19:26:37.682Z\",\"updated_at\":\"2025-04-02T19:26:37.682Z\"},{\"id\":9,\"first_name\":\"Patricia\",\"last_name\":\"A\",\"property_address\":\"457 Half Hollow Rd\",\"property_city\":\"Deer Park\",\"property_state\":\"NY\",\"property_zip\":\"11729\",\"offer\":\"586628.00\",\"created_at\":\"2025-04-02T19:26:37.682Z\",\"updated_at\":\"2025-04-02T19:26:37.682Z\"},{\"id\":10,\"first_name\":\"Aura\",\"last_name\":\"A\",\"property_address\":\"150 Dixon Ave\",\"property_city\":\"Amityville\",\"property_state\":\"NY\",\"property_zip\":\"11701\",\"offer\":\"434764.00\",\"created_at\":\"2025-04-02T19:26:37.682Z\",\"updated_at\":\"2025-04-02T19:26:37.682Z\"},{\"id\":11,\"first_name\":\"Erasmo\",\"last_name\":\"A\",\"property_address\":\"145 Vespucci Ave\",\"property_city\":\"Copiague\",\"property_state\":\"NY\",\"property_zip\":\"11726\",\"offer\":\"478060.00\",\"created_at\":\"2025-04-02T19:26:37.682Z\",\"updated_at\":\"2025-04-02T19:26:37.682Z\"},{\"id\":12,\"first_name\":\"Current Homeowner\",\"last_name\":null,\"property_address\":\"541 S 6th St\",\"property_city\":\"Lindenhurst\",\"property_state\":\"NY\",\"property_zip\":\"11757\",\"offer\":\"479208.00\",\"created_at\":\"2025-04-02T19:26:37.682Z\",\"updated_at\":\"2025-04-02T19:26:37.682Z\"},{\"id\":13,\"first_name\":\"Current Homeowner\",\"last_name\":null,\"property_address\":\"10 Tappan Ave\",\"property_city\":\"Babylon\",\"property_state\":\"NY\",\"property_zip\":\"11702\",\"offer\":\"527670.00\",\"created_at\":\"2025-04-02T19:26:37.682Z\",\"updated_at\":\"2025-04-02T19:26:37.682Z\"},{\"id\":14,\"first_name\":\"Current Homeowner\",\"last_name\":null,\"property_address\":\"300 Commack Rd\",\"property_city\":\"Shirley\",\"property_state\":\"NY\",\"property_zip\":\"11967\",\"offer\":\"382612.00\",\"created_at\":\"2025-04-02T19:26:37.682Z\",\"updated_at\":\"2025-04-02T19:26:37.682Z\"},{\"id\":15,\"first_name\":\"Current Homeowner\",\"last_name\":null,\"property_address\":\"30 N Swezeytown Rd\",\"property_city\":\"Middle Island\",\"property_state\":\"NY\",\"property_zip\":\"11953\",\"offer\":\"318898.00\",\"created_at\":\"2025-04-02T19:26:37.682Z\",\"updated_at\":\"2025-04-02T19:26:37.682Z\"},{\"id\":16,\"first_name\":\"Current Homeowner\",\"last_name\":null,\"property_address\":\"14 Mannes St\",\"property_city\":\"Ronkonkoma\",\"property_state\":\"NY\",\"property_zip\":\"11779\",\"offer\":\"534558.00\",\"created_at\":\"2025-04-02T19:26:37.682Z\",\"updated_at\":\"2025-04-02T19:26:37.682Z\"},{\"id\":17,\"first_name\":\"Current Homeowner\",\"last_name\":null,\"property_address\":\"288 South St\",\"property_city\":\"Manorville\",\"property_state\":\"NY\",\"property_zip\":\"11949\",\"offer\":\"297578.00\",\"created_at\":\"2025-04-02T19:26:37.682Z\",\"updated_at\":\"2025-04-02T19:26:37.682Z\"},{\"id\":18,\"first_name\":\"Current Homeowner\",\"last_name\":null,\"property_address\":\"112 Pine Rd\",\"property_city\":\"Mastic Beach\",\"property_state\":\"NY\",\"property_zip\":\"11951\",\"offer\":\"359078.00\",\"created_at\":\"2025-04-02T19:26:37.682Z\",\"updated_at\":\"2025-04-02T19:26:37.682Z\"},{\"id\":19,\"first_name\":\"Current Homeowner\",\"last_name\":null,\"property_address\":\"35 Patchogue Ave\",\"property_city\":\"Mastic\",\"property_state\":\"NY\",\"property_zip\":\"11950\",\"offer\":\"386384.00\",\"created_at\":\"2025-04-02T19:26:37.682Z\",\"updated_at\":\"2025-04-02T19:26:37.682Z\"},{\"id\":20,\"first_name\":\"Current Homeowner\",\"last_name\":null,\"property_address\":\"1595 Bay Shore Rd\",\"property_city\":\"Greenport\",\"property_state\":\"NY\",\"property_zip\":\"11944\",\"offer\":\"1477066.00\",\"created_at\":\"2025-04-02T19:26:37.682Z\",\"updated_at\":\"2025-04-02T19:26:37.682Z\"}],\"count\":121144,\"totalPages\":6058,\"currentPage\":1}","timestamp":"2025-04-02T20:07:48.847Z"}
{"level":"info","message":"[PropertyController] Transformed to camelCase: {\"rows\":[{\"id\":1,\"firstName\":\"Current Homeowner\",\"lastName\":null,\"propertyAddress\":\"14 Belair Rd\",\"propertyCity\":\"Selden\",\"propertyState\":\"NY\",\"propertyZip\":\"11784\",\"offer\":\"476174.00\",\"createdAt\":\"2025-04-02T19:26:37.681Z\",\"updatedAt\":\"2025-04-02T19:26:37.681Z\"},{\"id\":2,\"firstName\":\"Margaret\",\"lastName\":\"A\",\"propertyAddress\":\"847 S Walnut St\",\"propertyCity\":\"Lindenhurst\",\"propertyState\":\"NY\",\"propertyZip\":\"11757\",\"offer\":\"455674.00\",\"createdAt\":\"2025-04-02T19:26:37.681Z\",\"updatedAt\":\"2025-04-02T19:26:37.681Z\"},{\"id\":3,\"firstName\":\"Denise\",\"lastName\":\"A\",\"propertyAddress\":\"343 N 4th St # 345\",\"propertyCity\":\"Lindenhurst\",\"propertyState\":\"NY\",\"propertyZip\":\"11757\",\"offer\":\"0.00\",\"createdAt\":\"2025-04-02T19:26:37.682Z\",\"updatedAt\":\"2025-04-02T19:26:37.682Z\"},{\"id\":4,\"firstName\":\"Thomas\",\"lastName\":\"A\",\"propertyAddress\":\"2041 Shelley Pl\",\"propertyCity\":\"East Meadow\",\"propertyState\":\"NY\",\"propertyZip\":\"11554\",\"offer\":\"542512.00\",\"createdAt\":\"2025-04-02T19:26:37.682Z\",\"updatedAt\":\"2025-04-02T19:26:37.682Z\"},{\"id\":5,\"firstName\":\"Current Homeowner\",\"lastName\":null,\"propertyAddress\":\"889 Peconic Ave\",\"propertyCity\":\"West Babylon\",\"propertyState\":\"NY\",\"propertyZip\":\"11704\",\"offer\":\"509220.00\",\"createdAt\":\"2025-04-02T19:26:37.682Z\",\"updatedAt\":\"2025-04-02T19:26:37.682Z\"},{\"id\":6,\"firstName\":\"Efrain\",\"lastName\":\"A\",\"propertyAddress\":\"181 Lafayette Rd\",\"propertyCity\":\"West Babylon\",\"propertyState\":\"NY\",\"propertyZip\":\"11704\",\"offer\":\"560552.00\",\"createdAt\":\"2025-04-02T19:26:37.682Z\",\"updatedAt\":\"2025-04-02T19:26:37.682Z\"},{\"id\":7,\"firstName\":\"Edward\",\"lastName\":\"A\",\"propertyAddress\":\"60 James St # 62\",\"propertyCity\":\"Babylon\",\"propertyState\":\"NY\",\"propertyZip\":\"11702\",\"offer\":\"574328.00\",\"createdAt\":\"2025-04-02T19:26:37.682Z\",\"updatedAt\":\"2025-04-02T19:26:37.682Z\"},{\"id\":8,\"firstName\":\"Stephen\",\"lastName\":\"A\",\"propertyAddress\":\"574 8th St\",\"propertyCity\":\"West Hempstead\",\"propertyState\":\"NY\",\"propertyZip\":\"11552\",\"offer\":\"652638.00\",\"createdAt\":\"2025-04-02T19:26:37.682Z\",\"updatedAt\":\"2025-04-02T19:26:37.682Z\"},{\"id\":9,\"firstName\":\"Patricia\",\"lastName\":\"A\",\"propertyAddress\":\"457 Half Hollow Rd\",\"propertyCity\":\"Deer Park\",\"propertyState\":\"NY\",\"propertyZip\":\"11729\",\"offer\":\"586628.00\",\"createdAt\":\"2025-04-02T19:26:37.682Z\",\"updatedAt\":\"2025-04-02T19:26:37.682Z\"},{\"id\":10,\"firstName\":\"Aura\",\"lastName\":\"A\",\"propertyAddress\":\"150 Dixon Ave\",\"propertyCity\":\"Amityville\",\"propertyState\":\"NY\",\"propertyZip\":\"11701\",\"offer\":\"434764.00\",\"createdAt\":\"2025-04-02T19:26:37.682Z\",\"updatedAt\":\"2025-04-02T19:26:37.682Z\"},{\"id\":11,\"firstName\":\"Erasmo\",\"lastName\":\"A\",\"propertyAddress\":\"145 Vespucci Ave\",\"propertyCity\":\"Copiague\",\"propertyState\":\"NY\",\"propertyZip\":\"11726\",\"offer\":\"478060.00\",\"createdAt\":\"2025-04-02T19:26:37.682Z\",\"updatedAt\":\"2025-04-02T19:26:37.682Z\"},{\"id\":12,\"firstName\":\"Current Homeowner\",\"lastName\":null,\"propertyAddress\":\"541 S 6th St\",\"propertyCity\":\"Lindenhurst\",\"propertyState\":\"NY\",\"propertyZip\":\"11757\",\"offer\":\"479208.00\",\"createdAt\":\"2025-04-02T19:26:37.682Z\",\"updatedAt\":\"2025-04-02T19:26:37.682Z\"},{\"id\":13,\"firstName\":\"Current Homeowner\",\"lastName\":null,\"propertyAddress\":\"10 Tappan Ave\",\"propertyCity\":\"Babylon\",\"propertyState\":\"NY\",\"propertyZip\":\"11702\",\"offer\":\"527670.00\",\"createdAt\":\"2025-04-02T19:26:37.682Z\",\"updatedAt\":\"2025-04-02T19:26:37.682Z\"},{\"id\":14,\"firstName\":\"Current Homeowner\",\"lastName\":null,\"propertyAddress\":\"300 Commack Rd\",\"propertyCity\":\"Shirley\",\"propertyState\":\"NY\",\"propertyZip\":\"11967\",\"offer\":\"382612.00\",\"createdAt\":\"2025-04-02T19:26:37.682Z\",\"updatedAt\":\"2025-04-02T19:26:37.682Z\"},{\"id\":15,\"firstName\":\"Current Homeowner\",\"lastName\":null,\"propertyAddress\":\"30 N Swezeytown Rd\",\"propertyCity\":\"Middle Island\",\"propertyState\":\"NY\",\"propertyZip\":\"11953\",\"offer\":\"318898.00\",\"createdAt\":\"2025-04-02T19:26:37.682Z\",\"updatedAt\":\"2025-04-02T19:26:37.682Z\"},{\"id\":16,\"firstName\":\"Current Homeowner\",\"lastName\":null,\"propertyAddress\":\"14 Mannes St\",\"propertyCity\":\"Ronkonkoma\",\"propertyState\":\"NY\",\"propertyZip\":\"11779\",\"offer\":\"534558.00\",\"createdAt\":\"2025-04-02T19:26:37.682Z\",\"updatedAt\":\"2025-04-02T19:26:37.682Z\"},{\"id\":17,\"firstName\":\"Current Homeowner\",\"lastName\":null,\"propertyAddress\":\"288 South St\",\"propertyCity\":\"Manorville\",\"propertyState\":\"NY\",\"propertyZip\":\"11949\",\"offer\":\"297578.00\",\"createdAt\":\"2025-04-02T19:26:37.682Z\",\"updatedAt\":\"2025-04-02T19:26:37.682Z\"},{\"id\":18,\"firstName\":\"Current Homeowner\",\"lastName\":null,\"propertyAddress\":\"112 Pine Rd\",\"propertyCity\":\"Mastic Beach\",\"propertyState\":\"NY\",\"propertyZip\":\"11951\",\"offer\":\"359078.00\",\"createdAt\":\"2025-04-02T19:26:37.682Z\",\"updatedAt\":\"2025-04-02T19:26:37.682Z\"},{\"id\":19,\"firstName\":\"Current Homeowner\",\"lastName\":null,\"propertyAddress\":\"35 Patchogue Ave\",\"propertyCity\":\"Mastic\",\"propertyState\":\"NY\",\"propertyZip\":\"11950\",\"offer\":\"386384.00\",\"createdAt\":\"2025-04-02T19:26:37.682Z\",\"updatedAt\":\"2025-04-02T19:26:37.682Z\"},{\"id\":20,\"firstName\":\"Current Homeowner\",\"lastName\":null,\"propertyAddress\":\"1595 Bay Shore Rd\",\"propertyCity\":\"Greenport\",\"propertyState\":\"NY\",\"propertyZip\":\"11944\",\"offer\":\"1477066.00\",\"createdAt\":\"2025-04-02T19:26:37.682Z\",\"updatedAt\":\"2025-04-02T19:26:37.682Z\"}],\"count\":121144,\"totalPages\":6058,\"currentPage\":1}","timestamp":"2025-04-02T20:07:48.848Z"}
